id;‚Ññ –∞—É–¥–∏—Ç–æ—Ä–∏–∏;–ö–æ–ª-–≤–æ –ø–æ—Å–∞–¥–æ—á–Ω—ã—Ö –º–µ—Å—Ç;–ü–ª–æ—â–∞–¥—å;–ù–∞–∑–Ω–∞—á–µ–Ω–∏–µ;–§–∞–∫—Ç–∏—á–µ—Å–∫–æ–µ –∏—Å–ø–æ–ª—å–∑–æ–≤–∞–Ω–∏–µ;–ö–∞—Ñ–µ–¥—Ä–∞;–ò–Ω—Å—Ç–∏—Ç—É—Ç;
;6101;;43,7;–∫–æ–º–Ω–∞—Ç–∞;–°–ª–µ—Å–∞—Ä–Ω–∞—è –º–∞—Å—Ç–µ—Ä—Å–∫–∞—è;–°–ª—É–∂–±–∞ –≥–ª–∞–≤–Ω–æ–≥–æ –∏–Ω–∂–µ–Ω–µ—Ä–∞;–ê–•–ß;
;6102;;969,7;–∑–∞–ª;C–ø–æ—Ä—Ç–∏–≤–Ω—ã–π –∑–∞–ª;–§–∏–∑–∏—á–µ—Å–∫–æ–µ –≤–æ—Å–ø–∏—Ç–∞–Ω–∏–µ;–ò–ù–≠–£;
;6103;;16,5;–ö–∞–±–∏–Ω–µ—Ç;–í—Ä–∞—á–µ–±–Ω—ã–π –∫–∞–±–∏–Ω–µ—Ç;–ú–µ–¥–∏—Ü–∏–Ω—Å–∫–∞—è —Å–ª—É–∂–±–∞ –ù–ì–¢–£;–£–ø—Ä–∞–≤–ª–µ–Ω–∏–µ —Å–æ—Ü–∏–∞–ª—å–Ω–æ-–±—ã—Ç–æ–≤–æ–≥–æ –æ–±–µ—Å–ø–µ—á–µ–Ω–∏—è;
;6104;;34,8;–∫–æ–º–Ω–∞—Ç–∞;–†–∞–∑–¥–µ–≤–∞–ª–∫–∞ –º—É–∂—Å–∫–∞—è ;–§–∏–∑–∏—á–µ—Å–∫–æ–µ –≤–æ—Å–ø–∏—Ç–∞–Ω–∏–µ;–ò–ù–≠–£;
;6105;;36;–∫–æ–º–Ω–∞—Ç–∞;–†–∞–∑–¥–µ–≤–∞–ª–∫–∞ –º—É–∂—Å–∫–∞—è ;–§–∏–∑–∏—á–µ—Å–∫–æ–µ –≤–æ—Å–ø–∏—Ç–∞–Ω–∏–µ;–ò–ù–≠–£;
;6106;;22,1;–∫–æ–º–Ω–∞—Ç–∞;–†–∞–∑–¥–µ–≤–∞–ª–∫–∞ –º—É–∂—Å–∫–∞—è ;–§–∏–∑–∏—á–µ—Å–∫–æ–µ –≤–æ—Å–ø–∏—Ç–∞–Ω–∏–µ;–ò–ù–≠–£;
;6107;;;;;;;
;6108;;;;;;;
;6109;;;;;;;
;6110;;109,4;–∑–∞–ª;–§–∏—Ç–Ω–µ—Å-–∑–∞–ª;–§–∏–∑–∏—á–µ—Å–∫–æ–µ –≤–æ—Å–ø–∏—Ç–∞–Ω–∏–µ;–ò–ù–≠–£;
;6111;;;;;;;
;6112;;260,5;;–¢—Ä–∏–±—É–Ω—ã —Å–ø–æ—Ä—Ç–∏–≤–Ω–æ–≥–æ –∑–∞–ª–∞;–§–∏–∑–∏—á–µ—Å–∫–æ–µ –≤–æ—Å–ø–∏—Ç–∞–Ω–∏–µ;–ò–ù–≠–£;
;6113;;141,1;;–°—Ç–æ–ª–æ–≤–∞—è (–∑–∞–ª –¥–ª—è —Å—Ç—É–¥–µ–Ω—Ç–æ–≤);–°–¢–£–î–ü–ò–¢ –ù–ì–¢–£;–ê–•–ß;
;6114;;21,7;;–°—Ç–æ–ª–æ–≤–∞—è (–∑–∞–ª –¥–ª—è —Å—Ç—É–¥–µ–Ω—Ç–æ–≤);–°–¢–£–î–ü–ò–¢ –ù–ì–¢–£;–ê–•–ß;
;6115;;32;–ö–∞–±–∏–Ω–µ—Ç;–ö–∞–±–∏–Ω–µ—Ç —Å–æ—Ç—Ä—É–¥–Ω–∏–∫–æ–≤ –ù–¢–ë;–ù–¢–ë –ù–ì–¢–£;–ù–¢–ë –ù–ì–¢–£;
;6116;;106,9;–∞—É–¥–∏—Ç–æ—Ä–∏—è;–ê–±–æ–Ω–µ–º–µ–Ω—Ç —É—á–µ–±–Ω–æ–π –ª–∏—Ç–µ—Ä–∞—Ç—É—Ä—ã –¥–ª—è —Å—Ç—É–¥–µ–Ω—Ç–æ–≤ –º–ª–∞–¥—à–∏—Ö –∫—É—Ä—Å–æ–≤;–ù–¢–ë –ù–ì–¢–£;–ù–¢–ë –ù–ì–¢–£;
;6117;;152,5;–∞—É–¥–∏—Ç–æ—Ä–∏—è;–ê—É–¥–∏—Ç–æ—Ä–∏—è –ù–¢–ë;–ù–¢–ë –ù–ì–¢–£;–ù–¢–ë –ù–ì–¢–£;
;6118;;152,5;–∞—É–¥–∏—Ç–æ—Ä–∏—è;–ê—É–¥–∏—Ç–æ—Ä–∏—è –ù–¢–ë;–ù–¢–ë –ù–ì–¢–£;–ù–¢–ë –ù–ì–¢–£;
;6119;50;160,2;–∞—É–¥–∏—Ç–æ—Ä–∏—è;–ö–æ–º–ø—å—é—Ç–µ—Ä–Ω—ã–π –∫–ª–∞—Å—Å —ç–ª–µ–∫—Ç—Ä–æ–Ω–Ω—ã—Ö —Ä–µ—Å—É—Ä—Å–æ–≤ –ù–¢–ë;–ù–¢–ë –ù–ì–¢–£;–ù–¢–ë –ù–ì–¢–£;
;6120;;159,1;–∞—É–¥–∏—Ç–æ—Ä–∏—è;–ß–∏—Ç–∞–ª—å–Ω—ã–π –∑–∞–ª –ù–¢–ë;–ù–¢–ë –ù–ì–¢–£;–ù–¢–ë –ù–ì–¢–£;
;6121;;159,1;;–ß–∏—Ç–∞–ª—å–Ω—ã–π –∑–∞–ª;–ù–¢–ë –ù–ì–¢–£;–ù–¢–ë –ù–ì–¢–£;
;6122;;159,1;;–ß–∏—Ç–∞–ª—å–Ω—ã–π –∑–∞–ª;–ù–¢–ë –ù–ì–¢–£;–ù–¢–ë –ù–ì–¢–£;
;6123;;300;–∫–Ω–∏–≥–æ—Ö—Ä–∞–Ω–∏–ª–∏—â–µ;–ö–Ω–∏–≥–æ—Ö—Ä–∞–Ω–∏–ª–∏—â–µ –ù–¢–ë;–ù–¢–ë –ù–ì–¢–£;–ù–¢–ë –ù–ì–¢–£;
;6124;;300;–∫–Ω–∏–≥–æ—Ö—Ä–∞–Ω–∏–ª–∏—â–µ;–ö–Ω–∏–≥–æ—Ö—Ä–∞–Ω–∏–ª–∏—â–µ –ù–¢–ë;–ù–¢–ë –ù–ì–¢–£;–ù–¢–ë –ù–ì–¢–£;
;6124;100;109,3;–ê—É–¥–∏—Ç–æ—Ä–∏—è;–û–±—â–µ–ø–æ—Ç–æ—á–Ω–∞—è —É—á–µ–±–Ω–∞—è –∞—É–¥–∏—Ç–æ—Ä–∏—è;–£—á–µ–±–Ω—ã–π –æ—Ç–¥–µ–ª;–£–ú–£;
;6125;100;108,4;–ê—É–¥–∏—Ç–æ—Ä–∏—è;–û–±—â–µ–ø–æ—Ç–æ—á–Ω–∞—è —É—á–µ–±–Ω–∞—è –∞—É–¥–∏—Ç–æ—Ä–∏—è;–£—á–µ–±–Ω—ã–π –æ—Ç–¥–µ–ª;–£–ú–£;
;6126;150;132,5;–ê—É–¥–∏—Ç–æ—Ä–∏—è;–û–±—â–µ–ø–æ—Ç–æ—á–Ω–∞—è —É—á–µ–±–Ω–∞—è –∞—É–¥–∏—Ç–æ—Ä–∏—è;–£—á–µ–±–Ω—ã–π –æ—Ç–¥–µ–ª;–£–ú–£;
;6127;150;132,7;–ê—É–¥–∏—Ç–æ—Ä–∏—è;–û–±—â–µ–ø–æ—Ç–æ—á–Ω–∞—è —É—á–µ–±–Ω–∞—è –∞—É–¥–∏—Ç–æ—Ä–∏—è;–£—á–µ–±–Ω—ã–π –æ—Ç–¥–µ–ª;–£–ú–£;
;6128;;134,5;–ê—É–¥–∏—Ç–æ—Ä–∏—è;–û–±—â–µ–ø–æ—Ç–æ—á–Ω–∞—è —É—á–µ–±–Ω–∞—è –∞—É–¥–∏—Ç–æ—Ä–∏—è;–£—á–µ–±–Ω—ã–π –æ—Ç–¥–µ–ª;–£–ú–£;
;6129;;;;;;;
;6130;16;65,5;–ê—É–¥–∏—Ç–æ—Ä–∏—è;–ú—É–ª—å—Ç–∏–º–µ–¥–∏–π–Ω–∞—è –∞—É–¥–∏—Ç–æ—Ä–∏—è –ò–ù–≠–£;–ò–ù–≠–£;–ò–ù–≠–£;
;6131;14;65,6;–∞—É–¥–∏—Ç–æ—Ä–∏—è;–ö–æ–º–ø—å—é—Ç–µ—Ä–Ω—ã–π –∫–ª–∞—Å—Å –¥–ª—è –º–∞–≥–∏—Å—Ç—Ä–æ–≤ –∏ –∞—Å–ø–∏—Ä–∞–Ω—Ç–æ–≤ –ò–ù–≠–£;–ò–ù–≠–£;–ò–ù–≠–£;
;6132;;;;;;;
;6133;;;;;;;
;6134;;;;;;;
;6135;350;421,6;–∞—É–¥–∏—Ç–æ—Ä–∏—è;–û–±—â–µ–ø–æ—Ç–æ—á–Ω–∞—è —É—á–µ–±–Ω–∞—è –∞—É–¥–∏—Ç–æ—Ä–∏—è;–£—á–µ–±–Ω—ã–π –æ—Ç–¥–µ–ª;–£–ú–£;
;6136;24;129,8;–õ–∞–±–æ—Ä–∞—Ç–æ—Ä–∏—è;–õ–∞–±–æ—Ä–∞—Ç–æ—Ä–∏—è ¬´–ú–µ—Ö–∞–Ω–∏–∫–∞¬ª –û–∏–Ø–§;–û–∏–Ø–§;–ò–Ø–≠–∏–¢–§;
;6137;32;128,9;–õ–∞–±–æ—Ä–∞—Ç–æ—Ä–∏—è;–õ–∞–±–æ—Ä–∞—Ç–æ—Ä–∏—è ¬´–ú–∞–≥–Ω–µ—Ç–∏–∑–º–∞ –∏ —ç–ª–µ–∫—Ç—Ä–∏—á–µ—Å—Ç–≤–∞¬ª –û–∏–Ø–§;–û–∏–Ø–§;–ò–Ø–≠–∏–¢–§;
;6138;;;;–ü–æ–¥—Å–æ–±–Ω–æ–µ –ø–æ–º–µ—â–µ–Ω–∏–µ –ª–∞–±–æ—Ä–∞—Ç–æ—Ä–∏–∏ –∫—Ä–∏–æ–≥–µ–Ω–Ω–æ–π –Ω–∞–Ω–æ—ç–ª–µ–∫—Ç—Ä–æ–Ω–∏–∫–∏;–õ–ö–ù;–õ–ö–ù;
;6139;;;;;;;
;6140;;8,3;–ö–∞–±–∏–Ω–µ—Ç;–¢–µ—Ö–Ω–∏—á–µ—Å–∫–æ–µ –ø–æ–º–µ—â–µ–Ω–∏–µ –ò–í–¶;–ò–í–¶ –ù–ì–¢–£;–£–ø—Ä–∞–≤–ª–µ–Ω–∏–µ –∏–Ω—Ñ–æ—Ä–º–∞—Ç–∏–∑–∞—Ü–∏–∏;
;6141;;64,8;–ö–ª–∞—Å—Å;–ö–æ–º–ø—å—é—Ç–µ—Ä–Ω—ã–π –∫–ª–∞—Å—Å –ò–í–¶ ‚Ññ 1;–ò–í–¶ –ù–ì–¢–£;–£–ø—Ä–∞–≤–ª–µ–Ω–∏–µ –∏–Ω—Ñ–æ—Ä–º–∞—Ç–∏–∑–∞—Ü–∏–∏;
;6142;12;64,6;–ö–ª–∞—Å—Å;–ö–æ–º–ø—å—é—Ç–µ—Ä–Ω—ã–π –∫–ª–∞—Å—Å –ò–í–¶ ‚Ññ 2;–ò–í–¶ –ù–ì–¢–£;–£–ø—Ä–∞–≤–ª–µ–Ω–∏–µ –∏–Ω—Ñ–æ—Ä–º–∞—Ç–∏–∑–∞—Ü–∏–∏;
;6143;12;64,7;–ö–ª–∞—Å—Å;–ö–æ–º–ø—å—é—Ç–µ—Ä–Ω—ã–π –∫–ª–∞—Å—Å –ò–í–¶ ‚Ññ 3;–ò–í–¶ –ù–ì–¢–£;–£–ø—Ä–∞–≤–ª–µ–Ω–∏–µ –∏–Ω—Ñ–æ—Ä–º–∞—Ç–∏–∑–∞—Ü–∏–∏;
;6144;;64,6;–ö–ª–∞—Å—Å;–ö–æ–º–ø—å—é—Ç–µ—Ä–Ω—ã–π –∫–ª–∞—Å—Å –ò–í–¶ ‚Ññ 4;–ò–í–¶ –ù–ì–¢–£;–£–ø—Ä–∞–≤–ª–µ–Ω–∏–µ –∏–Ω—Ñ–æ—Ä–º–∞—Ç–∏–∑–∞—Ü–∏–∏;
;6145;;64,5;–∫–æ–º–Ω–∞—Ç–∞;–ø–æ–¥—Å–æ–±–Ω–æ–µ –ø–æ–º–µ—â–µ–Ω–∏–µ –ò–í–¶;;;
;6146;;;–∫–æ–º–Ω–∞—Ç–∞;–°–∫–ª–∞–¥—Å–∫–æ–µ –ø–æ–º–µ—â–µ–Ω–∏–µ;–û–≠–ó–∏–°;;
;6147;66;138,5;–ö–ª–∞—Å—Å;–ü—Ä–æ–∏–∑–≤–æ–¥—Å—Ç–≤–µ–Ω–Ω–∞—è –±–µ–∑–æ–ø–∞—Å–Ω–æ—Å—Ç—å —ç–∫–æ–ª–æ–≥–∏—è –∏ —Ö–∏–º–∏—è;;;
;6148;74;135,8;–ö–ª–∞—Å—Å;–ü—Ä–æ–∏–∑–≤–æ–¥—Å—Ç–≤–µ–Ω–Ω–∞—è –±–µ–∑–æ–ø–∞—Å–Ω–æ—Å—Ç—å —ç–∫–æ–ª–æ–≥–∏—è –∏ —Ö–∏–º–∏—è;;;
;6149;;;;;;;
;6150;;;;;;;
;6151;50;66,6;–ê—É–¥–∏—Ç–æ—Ä–∏—è;–£—á–µ–±–Ω–∞—è –∞—É–¥–∏—Ç–æ—Ä–∏—è;;;
;6152;50;94;–ê—É–¥–∏—Ç–æ—Ä–∏—è;–£—á–µ–±–Ω–∞—è –∞—É–¥–∏—Ç–æ—Ä–∏—è;;;
;6153;;;;;;;
;6154;;33,8;–ü—Ä–µ–ø–æ–¥–∞–≤–∞—Ç–µ–ª—å—Å–∫–∞—è;–£—á–µ–±–Ω–æ-–Ω–∞—É—á–Ω–∞—è –ª–∞–±–æ—Ä–∞—Ç–æ—Ä–∏—è –í–°–¢;;;
;6155;48;88,2;–ê—É–¥–∏—Ç–æ—Ä–∏—è;–£—á–µ–±–Ω–∞—è –∞—É–¥–∏—Ç–æ—Ä–∏—è;;;
;6156;60;65,8;–ê—É–¥–∏—Ç–æ—Ä–∏—è;–£—á–µ–±–Ω–∞—è –∞—É–¥–∏—Ç–æ—Ä–∏—è;;;
;6157;;27;–£—á–µ–±–Ω–æ-–º–µ—Ç–æ–¥–∏—á–µ—Å–∫–∏–µ –ø–æ—Å–æ–±–∏—è;–£—á–µ–±–Ω–∞—è –∞—É–¥–∏—Ç–æ—Ä–∏—è;;;
;6158;;;;;;;
;6159;;;;;;;
;6160;;;;;;;
;6161;;;;;;;
;6162;;;;;;;
;6163;;;;;;;
;6164;;;;;;;
;6165;;;;;;;
;6166;;;;;;;
;6167;;;;;;;
;6168;;;;;;;
;6169;;;;;;;
;6170;;;;;;;
;6171;;;;;;;
;6172;;;;;;;
;6173;;;;;;;
;6174;;;;;;;
;6175;;;;;;;
;6176;;;;;;;
;6177;;;;;;;
;6178;;;;;;;
;6179;;;;;;;
;6180;;;;;;;
;6181;;;;;;;
;6182;;;;;;;
;6183;;;;;;;
;6184;;;;;;;
;6185;;;;;;;
;6186;;;;;;;
;6187;;;;;;;
;6188;;;;;;;
;6189;;;;;;;
;6190;;;;;;;
;6191;;;;;;;
;6192;;;;;;;
;6193;;;;;;;
;6194;;;;;;;
;6195;;;;;;;
;6196;;;;;;;
;6197;;53;;–ö–Ω–∏–≥–æ—Ö—Ä–∞–Ω–∏–ª–∏—â–µ;–ù–¢–ë –ù–ì–¢–£;–ù–¢–ë –ù–ì–¢–£;
;6198;;87;;–ü–æ–¥—Å–æ–±–Ω–æ–µ –ø–æ–º–µ—â–µ–Ω–∏–µ;–†–°–û;–£–ø—Ä–∞–≤–ª–µ–Ω–∏–µ —ç–∫—Å–ø–ª—É–∞—Ç–∞—Ü–∏–∏ –∏ —Ä–∞–∑–≤–∏—Ç–∏—è;
;6199;;67;–∫–∞–±–∏–Ω–µ—Ç;–ê–±–æ–Ω–∏–º–µ–Ω—Ç —Å—Ç–∞—Ä—à–∏—Ö –∫—É—Ä—Å–æ–≤ –ù–¢–ë;–ù–¢–ë –ù–ì–¢–£;–ù–¢–ë –ù–ì–¢–£;
;;;;;;;;
;;;;;;;;
;;;;;;;;
id;‚Ññ –∞—É–¥–∏—Ç–æ—Ä–∏–∏;–ö–æ–ª-–≤–æ –ø–æ—Å–∞–¥–æ—á–Ω—ã—Ö –º–µ—Å—Ç;–ü–ª–æ—â–∞–¥—å;–ù–∞–∑–Ω–∞—á–µ–Ω–∏–µ;–§–∞–∫—Ç–∏—á–µ—Å–∫–æ–µ –∏—Å–ø–æ–ª—å–∑–æ–≤–∞–Ω–∏–µ;–ö–∞—Ñ–µ–¥—Ä–∞;–ò–Ω—Å—Ç–∏—Ç—É—Ç;
1;6201;;49,1;–∫–∞–±–∏–Ω–µ—Ç;–ü–æ–º–µ—â–µ–Ω–∏–µ –∫–∞—Ñ–µ–¥—Ä—ã –í–ú;–í–ú;–ò–¢–°;
2;6202;;16,5;–∫–∞–±–∏–Ω–µ—Ç;–ö–∞–±–∏–Ω–µ—Ç –∑–∞–≤.–∫–∞—Ñ–µ–¥—Ä–æ–π –í–ú;–í–ú;–ò–¢–°;
;6203;;16,3;–∫–∞–±–∏–Ω–µ—Ç;–ú–µ—Ç–æ–¥–∏—á–µ—Å–∫–∏–π –∫–∞–±–∏–Ω–µ—Ç –∫–∞—Ñ–µ–¥—Ä—ã ¬´–ü—Ä–∏–∫–ª–∞–¥–Ω–∞—è –º–∞—Ç–µ–º–∞—Ç–∏–∫–∞¬ª;–ü–ú;–ò–†–ò–¢;
;6204;;16,1;—É—á–µ–±–Ω—ã–π –∫–ª–∞—Å—Å;–£—á–µ–±–Ω–∞—è –∞—É–¥–∏—Ç–æ—Ä–∏—è (—Ä–µ–∑–µ—Ä–≤);–†–µ–∫—Ç–æ—Ä–∞—Ç;;
;6205;;16,1;–∫–∞–±–∏–Ω–µ—Ç;–ö–∞–±–∏–Ω–µ—Ç –ø–æ–º–æ—â–Ω–∏–∫–∞ –¥–∏—Ä–µ–∫—Ç–æ—Ä–∞ –ø–æ –≤–Ω–µ—É—á–µ–±–Ω–æ–π —Ä–∞–±–æ—Ç–µ –ò–ù–≠–£;–ò–ù–≠–£;–ò–ù–≠–£;
;6206;;15,8;–∫–∞–±–∏–Ω–µ—Ç;–ö–∞–±–∏–Ω–µ—Ç –î–∏—Ä–µ–∫—Ü–∏–∏ –ò–¢–°;–ò–¢–°;–ê–ú–§;
;6207;;16;—É—á–µ–±–Ω—ã–π –∫–ª–∞—Å—Å;–£—á–µ–±–Ω–∞—è –∞—É–¥–∏—Ç–æ—Ä–∏—è (—Ä–µ–∑–µ—Ä–≤);–†–µ–∫—Ç–æ—Ä–∞—Ç;;
;6208;;16,1;–ª–∞–±–æ—Ä–∞—Ç–æ—Ä–∏—è;–õ–∞–±–æ—Ä–∞—Ç–æ—Ä–∏—è ¬´–ë–æ–ª—å—à–∏—Ö –¥–∞–Ω–Ω—ã—Ö¬ª;;–ò–†–ò–¢;
;6209;;15,7;–º–µ—Å—Ç–∫–æ–º;–ö–∞–±–∏–Ω–µ—Ç –î–∏—Ä–µ–∫—Ü–∏–∏ –ò–¢–°;–ò–¢–°;–§–ú–∏–ê–¢;
;6210;;15,4;–ø—Ä–æ—Ñ–∫–æ–º;–ö–∞–±–∏–Ω–µ—Ç –î–∏—Ä–µ–∫—Ü–∏–∏ –ò–ù–≠–õ;–ò–ù–≠–õ;–ò–ù–≠–õ;
;6211;;16,1;–ø—Ä–∏–µ–º–Ω–∞—è;–ö–∞–±–∏–Ω–µ—Ç –î–∏—Ä–µ–∫—Ü–∏–∏ –ò–†–ò–¢;–ò–†–ò–¢;–ò–†–ò–¢;
;6212;;15,4;–∫–∞–±–∏–Ω–µ—Ç;–ö–∞–±–∏–Ω–µ—Ç –ø–æ–º–æ—â–Ω–∏–∫–∞ —Ä–µ–∫—Ç–æ—Ä–∞;–†–µ–∫—Ç–æ—Ä–∞—Ç;;
;6213;;15,7;–ø–æ–¥–≥–æ—Ç.–æ—Ç–¥.;–û–ø—ã—Ç–Ω–æ–µ —Å—Ç—É–¥–µ–Ω—á–µ—Å–∫–æ–µ –∫–æ–Ω—Å—Ç—Ä—É–∫—Ç–æ—Ä—Å–∫–æ–µ –±—é—Ä–æ —ç–∫—Å–ø–µ—Ä–∏–º–µ–Ω—Ç–∞–ª—å–Ω–æ–≥–æ –∞–≤–∏–∞- –∏ –∫–æ—Ä–∞–±–ª–µ—Å—Ç—Ä–æ–µ–Ω–∏—è –∏–º. –†.–ï.–ê–ª–µ–∫—Å–µ–µ–≤–∞ –ö–∏–ê–¢–ê—Ä—Ö–∏–≤ –ø—Ä–æ–µ–∫—Ç–æ–≤ —Å—É–¥–æ–≤ –ö–∏–ê–¢;–ö–∏–ê–¢;–ò–¢–°;
;6214;;32,6;–∫–æ–º–Ω–∞—Ç–∞;–ü–æ–º–µ—â–µ–Ω–∏–µ –ø—Ä–æ—Ñ–∫–æ–º–∞ —Å–æ—Ç—Ä—É–¥–Ω–∏–∫–æ–≤;–ü—Ä–æ—Ñ–∫–æ–º —Å–æ—Ç—Ä—É–¥–Ω–∏–∫–æ–≤ –ù–ì–¢–£;–ü—Ä–æ—Ñ–∫–æ–º —Å–æ—Ç—Ä—É–¥–Ω–∏–∫–æ–≤ –ù–ì–¢–£;
;6215;;32,5;–∫–∞–±–∏–Ω–µ—Ç;–°–ø–µ—Ü–∏–∞–ª–∏–∑–∏—Ä–æ–≤–∞–Ω–Ω—ã–π –∫–∞–±–∏–Ω–µ—Ç –∫–∞—Ñ–µ–¥—Ä—ã ¬´–ú–µ–Ω–µ–¥–∂–º–µ–Ω—Ç¬ª;–ú–µ–Ω–µ–¥–∂–º–µ–Ω—Ç;–ò–ù–≠–£;
;6216;;15,7;–∫–∞–±–∏–Ω–µ—Ç;–ö–∞–±–∏–Ω–µ—Ç –ø–æ–º–æ—â–Ω–∏–∫–∞ —Ä–µ–∫—Ç–æ—Ä–∞;–†–µ–∫—Ç–æ—Ä–∞—Ç;;
;6217;;31,4;–∫–∞–±–∏–Ω–µ—Ç;–ö–∞–±–∏–Ω–µ—Ç –ø—Ä–æ—Ä–µ–∫—Ç–æ—Ä–æ–≤;–†–µ–∫—Ç–æ—Ä–∞—Ç;;
;6218;;19,2;–∫–∞–±–∏–Ω–µ—Ç;–ü—Ä–∏–µ–º–Ω–∞—è —Ä–µ–∫—Ç–æ—Ä–∞, –ø—Ä–∏–µ–º–Ω–∞—è –ø—Ä–æ—Ä–µ–∫—Ç–æ—Ä–æ–≤ ;–†–µ–∫—Ç–æ—Ä–∞—Ç;;
;6219;;62,3;–∫–∞–±–∏–Ω–µ—Ç;–ö–∞–±–∏–Ω–µ—Ç —Ä–µ–∫—Ç–æ—Ä–∞;–†–µ–∫—Ç–æ—Ä–∞—Ç;;
;6220;;15,4;–∫–∞–±–∏–Ω–µ—Ç;–ö–∞–±–∏–Ω–µ—Ç –ø–æ–º–æ—â–Ω–∏–∫–∞ —Ä–µ–∫—Ç–æ—Ä–∞;–†–µ–∫—Ç–æ—Ä–∞—Ç;;
;6221;;16;–∞—É–¥–∏—Ç–æ—Ä–∏—è;–û–±—â–µ–ø–æ—Ç–æ—á–Ω–∞—è —É—á–µ–±–Ω–∞—è –∞—É–¥–∏—Ç–æ—Ä–∏—è;–£—á–µ–±–Ω—ã–π –æ—Ç–¥–µ–ª;–£–ú–£;
;6222;;15,8;–∫–∞–±–∏–Ω–µ—Ç;–ö–∞–±–∏–Ω–µ—Ç –∑–∞–º–µ—Å—Ç–∏—Ç–µ–ª—è –ø—Ä–æ—Ä–µ–∫—Ç–æ—Ä–∞ –ø–æ –ê–•–†;;;
;6223;;16;–∫–∞–±–∏–Ω–µ—Ç;–ö–∞–±–∏–Ω–µ—Ç –∫–æ–º–µ–Ω–¥–∞–Ω—Ç–∞ 6 —É—á–µ–±–Ω–æ–≥–æ –∫–æ—Ä–ø—É—Å–∞;–û–≠–ó–∏–°;–ê–•–ß;
;6224;;16,1;;–û—Ç–¥–µ–ª –∫–∞–ø–∏—Ç–∞–ª—å–Ω–æ–≥–æ —Å—Ç—Ä–æ–∏—Ç–µ–ª—å—Å—Ç–≤–∞;–û–ö–°;–ê–•–ß;
;6225;;32,2;;–û—Ç–¥–µ–ª –∫–∞–ø–∏—Ç–∞–ª—å–Ω–æ–≥–æ —Å—Ç—Ä–æ–∏—Ç–µ–ª—å—Å—Ç–≤–∞;–û–ö–°;–ê–•–ß;
;6226;;15,9;–∫–∞–±–∏–Ω–µ—Ç;–ö–∞–±–∏–Ω–µ—Ç –∑–∞–º–µ—Å—Ç–∏—Ç–µ–ª—è –≥–ª–∞–≤–Ω–æ–≥–æ –∏–Ω–∂–µ–Ω–µ—Ä–∞;–°–ª—É–∂–±–∞ –≥–ª–∞–≤–Ω–æ–≥–æ –∏–Ω–∂–µ–Ω–µ—Ä–∞;–ê–•–ß;
;6227;;15,8;;–ö–æ–º–µ–Ω–¥–∞–Ω—Ç—Å–∫–∞—è —Å–ª—É–∂–±–∞ 6 –∫–æ—Ä–ø—É—Å–∞;–û–≠–ó–∏–°;–ê–•–ß;
;6228;;16,2;–∫–∞–±–∏–Ω–µ—Ç;–†–µ–∑–µ—Ä–≤ —Ä–µ–∫—Ç–æ—Ä–∞—Ç–∞;–†–µ–∫—Ç–æ—Ä–∞—Ç;;
;6229;;32,4;–∫–æ–º–Ω–∞—Ç–∞;–°–∫–ª–∞–¥—Å–∫–æ–µ –ø–æ–º–µ—â–µ–Ω–∏–µ;–û–≠–ó–∏–°;–ê–•–ß;
;6230;;16,1;–∫–∞–±–∏–Ω–µ—Ç;–ö–∞–±–∏–Ω–µ—Ç —Å–æ—Ç—Ä—É–¥–Ω–∏–∫–æ–≤ –∞—Ä—Ö–∏–≤–∞;–ê—Ä—Ö–∏–≤;–£–ø—Ä–∞–≤–ª–µ–Ω–∏–µ –∫–∞–¥—Ä–æ–≤;
;6231;15;16,1;–∞—É–¥–∏—Ç–æ—Ä–∏—è;–û–±—â–µ–ø–æ—Ç–æ—á–Ω–∞—è —É—á–µ–±–Ω–∞—è –∞—É–¥–∏—Ç–æ—Ä–∏—è;–£—á–µ–±–Ω—ã–π –æ—Ç–¥–µ–ª;–£–ú–£;
;6232;;65,4;;–ê–±–æ–Ω–µ–º–µ–Ω—Ç —Ö—É–¥–æ–∂–µ—Å—Ç–≤–µ–Ω–Ω–æ–π –ª–∏—Ç–µ—Ä–∞—Ç—É—Ä—ã;–ù–¢–ë –ù–ì–¢–£;–ù–¢–ë –ù–ì–¢–£;
;6233;;55;–∞—É–¥–∏—Ç–æ—Ä–∏—è;–û–±—â–µ–ø–æ—Ç–æ—á–Ω–∞—è —É—á–µ–±–Ω–∞—è –∞—É–¥–∏—Ç–æ—Ä–∏—è;–£—á–µ–±–Ω—ã–π –æ—Ç–¥–µ–ª;–£–ú–£;
;6234;;38,7;;–ê—Ä—Ö–∏–≤;–ê—Ä—Ö–∏–≤;–£–ø—Ä–∞–≤–ª–µ–Ω–∏–µ –∫–∞–¥—Ä–æ–≤;
;6235;30;42,7;–∞—É–¥–∏—Ç–æ—Ä–∏—è;–û–±—â–µ–ø–æ—Ç–æ—á–Ω–∞—è —É—á–µ–±–Ω–∞—è –∞—É–¥–∏—Ç–æ—Ä–∏—è;–£—á–µ–±–Ω—ã–π –æ—Ç–¥–µ–ª;–£–ú–£;
;6236;;33,9;;–í–µ–Ω—Ç–∏–ª—è—Ü–∏–æ–Ω–Ω–∞—è –∫–∞–º–µ—Ä–∞ ‚Ññ3;–°–ª—É–∂–±–∞ –≥–ª–∞–≤–Ω–æ–≥–æ –∏–Ω–∂–µ–Ω–µ—Ä–∞;–ê–•–ß;
;6237;168;160,9;–∞—É–¥–∏—Ç–æ—Ä–∏—è;–û–±—â–µ–ø–æ—Ç–æ—á–Ω–∞—è —É—á–µ–±–Ω–∞—è –∞—É–¥–∏—Ç–æ—Ä–∏—è;–£—á–µ–±–Ω—ã–π –æ—Ç–¥–µ–ª;–£–ú–£;
;6239;138;137,2;–∞—É–¥–∏—Ç–æ—Ä–∏—è;–û–±—â–µ–ø–æ—Ç–æ—á–Ω–∞—è —É—á–µ–±–Ω–∞—è –∞—É–¥–∏—Ç–æ—Ä–∏—è;–£—á–µ–±–Ω—ã–π –æ—Ç–¥–µ–ª;–£–ú–£;
;6240;138;137,2;–∞—É–¥–∏—Ç–æ—Ä–∏—è;–û–±—â–µ–ø–æ—Ç–æ—á–Ω–∞—è —É—á–µ–±–Ω–∞—è –∞—É–¥–∏—Ç–æ—Ä–∏—è;–£—á–µ–±–Ω—ã–π –æ—Ç–¥–µ–ª;–£–ú–£;
;6241;28;35,8;–∞—É–¥–∏—Ç–æ—Ä–∏—è;–û–±—â–µ–ø–æ—Ç–æ—á–Ω–∞—è —É—á–µ–±–Ω–∞—è –∞—É–¥–∏—Ç–æ—Ä–∏—è;–£—á–µ–±–Ω—ã–π –æ—Ç–¥–µ–ª;–£–ú–£;
;6243;24;40,7;–∞—É–¥–∏—Ç–æ—Ä–∏—è;–û–±—â–µ–ø–æ—Ç–æ—á–Ω–∞—è —É—á–µ–±–Ω–∞—è –∞—É–¥–∏—Ç–æ—Ä–∏—è;–£—á–µ–±–Ω—ã–π –æ—Ç–¥–µ–ª;–£–ú–£;
;6244;20;38,8;–∞—É–¥–∏—Ç–æ—Ä–∏—è;–û–±—â–µ–ø–æ—Ç–æ—á–Ω–∞—è —É—á–µ–±–Ω–∞—è –∞—É–¥–∏—Ç–æ—Ä–∏—è;–£—á–µ–±–Ω—ã–π –æ—Ç–¥–µ–ª;–£–ú–£;
;6245;136;176,4;–∞—É–¥–∏—Ç–æ—Ä–∏—è;–ú—É–ª—å—Ç–∏–º–µ–¥–∏–π–Ω–∞—è –∞—É–¥–∏—Ç–æ—Ä–∏—è ;–£—á–µ–±–Ω—ã–π –æ—Ç–¥–µ–ª;–£–ú–£;
;6246;112;134,7;–∞—É–¥–∏—Ç–æ—Ä–∏—è;–ú—É–ª—å—Ç–∏–º–µ–¥–∏–π–Ω–∞—è –∞—É–¥–∏—Ç–æ—Ä–∏—è ;–£—á–µ–±–Ω—ã–π –æ—Ç–¥–µ–ª;–£–ú–£;
;6247;;83,3;–∫–ª–∞—Å—Å;–ö–∞–±–∏–Ω–µ—Ç –∫–∞—Ñ–µ–¥—Ä—ã –û–∏–Ø–§;–û–∏–Ø–§;–Ø–≠–∏–¢–§;
;6248;;19,9;–∫–∞–±–∏–Ω–µ—Ç;–ö–∞–±–∏–Ω–µ—Ç –∑–∞–≤.–∫–∞—Ñ–µ–¥—Ä—ã –û–∏–Ø–§;–û–∏–Ø–§;–Ø–≠–∏–¢–§;
;6249;;8,3;–∫–æ–º–Ω–∞—Ç–∞;–¢–µ—Ö–Ω–∏—á–µ—Å–∫–æ–µ –ø–æ–º–µ—â–µ–Ω–∏–µ –ò–í–¶;–ò–í–¶ –ù–ì–¢–£;–£–ø—Ä–∞–≤–ª–µ–Ω–∏–µ –∏–Ω—Ñ–æ—Ä–º–∞—Ç–∏–∑–∞—Ü–∏–∏;
;6250;;12;–∫–æ–º–Ω–∞—Ç–∞;–¢–µ—Ö–Ω–∏—á–µ—Å–∫–æ–µ –ø–æ–º–µ—â–µ–Ω–∏–µ –ò–í–¶;–ò–í–¶ –ù–ì–¢–£;–£–ø—Ä–∞–≤–ª–µ–Ω–∏–µ –∏–Ω—Ñ–æ—Ä–º–∞—Ç–∏–∑–∞—Ü–∏–∏;
;6251;12;65,2;–∫–ª–∞—Å—Å;–ö–æ–º–ø—å—é—Ç–µ—Ä–Ω—ã–π –∫–ª–∞—Å—Å –ò–í–¶ ‚Ññ 6;–ò–í–¶ –ù–ì–¢–£;–£–ø—Ä–∞–≤–ª–µ–Ω–∏–µ –∏–Ω—Ñ–æ—Ä–º–∞—Ç–∏–∑–∞—Ü–∏–∏;
;6252;12;65,2;–∫–ª–∞—Å—Å;–ö–æ–º–ø—å—é—Ç–µ—Ä–Ω—ã–π –∫–ª–∞—Å—Å –ò–í–¶ ‚Ññ 7;–ò–í–¶ –ù–ì–¢–£;–£–ø—Ä–∞–≤–ª–µ–Ω–∏–µ –∏–Ω—Ñ–æ—Ä–º–∞—Ç–∏–∑–∞—Ü–∏–∏;
;6253;12;65,2;–∫–ª–∞—Å—Å;–ö–æ–º–ø—å—é—Ç–µ—Ä–Ω—ã–π –∫–ª–∞—Å—Å –ò–í–¶ ‚Ññ 8;–ò–í–¶ –ù–ì–¢–£;–£–ø—Ä–∞–≤–ª–µ–Ω–∏–µ –∏–Ω—Ñ–æ—Ä–º–∞—Ç–∏–∑–∞—Ü–∏–∏;
;6254;12;65,2;–∫–ª–∞—Å—Å;–ö–æ–º–ø—å—é—Ç–µ—Ä–Ω—ã–π –∫–ª–∞—Å—Å –ò–í–¶ ‚Ññ 9;–ò–í–¶ –ù–ì–¢–£;–£–ø—Ä–∞–≤–ª–µ–Ω–∏–µ –∏–Ω—Ñ–æ—Ä–º–∞—Ç–∏–∑–∞—Ü–∏–∏;
;6255;12;65,2;–∫–ª–∞—Å—Å;–ö–æ–º–ø—å—é—Ç–µ—Ä–Ω—ã–π –∫–ª–∞—Å—Å –ò–í–¶ ‚Ññ 10;–ò–í–¶ –ù–ì–¢–£;–£–ø—Ä–∞–≤–ª–µ–Ω–∏–µ –∏–Ω—Ñ–æ—Ä–º–∞—Ç–∏–∑–∞—Ü–∏–∏;
;6256;;65,2;;–°–µ–∫—Ç–æ—Ä —Å–æ–ø—Ä–æ–≤–æ–∂–¥–µ–Ω–∏—è —É—á–µ–±–Ω–æ–≥–æ –ø—Ä–æ—Ü–µ—Å—Å–∞;–ò–í–¶ –ù–ì–¢–£;–£–ø—Ä–∞–≤–ª–µ–Ω–∏–µ –∏–Ω—Ñ–æ—Ä–º–∞—Ç–∏–∑–∞—Ü–∏–∏;
;6257;;82,5;–ª–∞–±–æ—Ä–∞—Ç–æ—Ä–∏—è;–£—á–µ–±–Ω–∞—è –ª–∞–±–æ—Ä–∞—Ç–æ—Ä–∏—è ¬´–û–ø—Ç–∏–∫–∞¬ª;–ö–∞—Ñ–µ–¥—Ä–∞;–ò–Ø–≠–∏–¢–§;
;6258;118;161,3;–∞—É–¥–∏—Ç–æ—Ä–∏—è;; ¬´–û–±—â–∞—è –∏ —è–¥–µ—Ä–Ω–∞—è —Ñ–∏–∑–∏–∫–∞¬ª;;
;6259;112;159,4;–∞—É–¥–∏—Ç–æ—Ä–∏—è;–û–±—â–µ–ø–æ—Ç–æ—á–Ω–∞—è —É—á–µ–±–Ω–∞—è –∞—É–¥–∏—Ç–æ—Ä–∏—è;–£—á–µ–±–Ω—ã–π –æ—Ç–¥–µ–ª;–£–ú–£;
;6260;;;;;;;
;6261;;;;;;;
;6262;;;;;;;
;6263;;;;;;;
;6264;;;;;;;
;6265;;;;;;;
;6266;;;;;;;
;6267;;;;;;;
;6268;;;;;;;
;6269;;;;;;;
;6270;;;;;;;
;;;;;;;;
;;;;;;;;
;;;;;;;;
;;;;;;;;
;;;;;;;;
id;‚Ññ –∞—É–¥–∏—Ç–æ—Ä–∏–∏;–ö–æ–ª-–≤–æ –ø–æ—Å–∞–¥–æ—á–Ω—ã—Ö –º–µ—Å—Ç;–ü–ª–æ—â–∞–¥—å;–ù–∞–∑–Ω–∞—á–µ–Ω–∏–µ;–§–∞–∫—Ç–∏—á–µ—Å–∫–æ–µ –∏—Å–ø–æ–ª—å–∑–æ–≤–∞–Ω–∏–µ;–ö–∞—Ñ–µ–¥—Ä–∞;–ò–Ω—Å—Ç–∏—Ç—É—Ç;
;6300;;88;–∞—É–¥–∏—Ç–æ—Ä–∏—è;–ü–æ–º–µ—â–µ–Ω–∏–µ –∫–∞—Ñ–µ–¥—Ä—ã ¬´–°–≤—è–∑–∏ —Å –æ–±—â–µ—Å—Ç–≤–µ–Ω–Ω–æ—Å—Ç—å—é, –º–∞—Ä–∫–µ—Ç–∏–Ω–≥–∞ –∏ –∫–æ–º–º—É–Ω–∏–∫–∞—Ü–∏–π¬ª;–°–û–ú–∏–ö;–ò–ù–≠–£;
;6301;;32,5;–ª–∞–±–æ—Ä–∞—Ç–æ—Ä–∏—è;–ü–æ–º–µ—â–µ–Ω–∏–µ –∫–∞—Ñ–µ–¥—Ä—ã –°–û–ú–∏–ö;–°–û–ú–∏–ö;–ò–ù–≠–£;
;6302;54;55,8;–∞—É–¥–∏—Ç–æ—Ä–∏—è;–ú—É–ª—å—Ç–∏–º–µ–¥–∏–π–Ω–∞—è –∞—É–¥–∏—Ç–æ—Ä–∏—è –ò–ù–≠–£;–£—á–µ–±–Ω—ã–π —Å–æ–≤–µ—Ç;–£–ú–£;
;6303;;33,5;–ø—Ä–µ–ø–∞—Ä–∞—Ç–æ—Ä—Å–∫–∞—è;–ü–æ–º–µ—â–µ–Ω–∏–µ –∫–∞—Ñ–µ–¥—Ä—ã –°–û–ú–∏–ö;–°–û–ú–∏–ö;–ò–ù–≠–£;
;6304;50;56,5;–∞—É–¥–∏—Ç–æ—Ä–∏—è;–ú—É–ª—å—Ç–∏–º–µ–¥–∏–π–Ω–∞—è –∞—É–¥–∏—Ç–æ—Ä–∏—è –ò–ù–≠–£;–£—á–µ–±–Ω—ã–π —Å–æ–≤–µ—Ç;–£–ú–£;
;6305;44;50,6;–∞—É–¥–∏—Ç–æ—Ä–∏—è;–û–±—â–µ–ø–æ—Ç–æ—á–Ω–∞—è —É—á–µ–±–Ω–∞—è –∞—É–¥–∏—Ç–æ—Ä–∏—è;–£—á–µ–±–Ω—ã–π —Å–æ–≤–µ—Ç;–£–ú–£;
;6306;50;56,8;–∞—É–¥–∏—Ç–æ—Ä–∏—è;–û–±—â–µ–ø–æ—Ç–æ—á–Ω–∞—è —É—á–µ–±–Ω–∞—è –∞—É–¥–∏—Ç–æ—Ä–∏—è;–£—á–µ–±–Ω—ã–π —Å–æ–≤–µ—Ç;–£–ú–£;
;6307;44;50,3;–∞—É–¥–∏—Ç–æ—Ä–∏—è;–û–±—â–µ–ø–æ—Ç–æ—á–Ω–∞—è —É—á–µ–±–Ω–∞—è –∞—É–¥–∏—Ç–æ—Ä–∏—è;–£—á–µ–±–Ω—ã–π —Å–æ–≤–µ—Ç;–£–ú–£;
;6308;36;55,7;–∞—É–¥–∏—Ç–æ—Ä–∏—è;–û–±—â–µ–ø–æ—Ç–æ—á–Ω–∞—è —É—á–µ–±–Ω–∞—è –∞—É–¥–∏—Ç–æ—Ä–∏—è;–£—á–µ–±–Ω—ã–π —Å–æ–≤–µ—Ç;–£–ú–£;
;6309;16;16,6;–∞—É–¥–∏—Ç–æ—Ä–∏—è;–û–±—â–µ–ø–æ—Ç–æ—á–Ω–∞—è —É—á–µ–±–Ω–∞—è –∞—É–¥–∏—Ç–æ—Ä–∏—è;–£—á–µ–±–Ω—ã–π —Å–æ–≤–µ—Ç;–£–ú–£;
;6310;38;55,4;–∞—É–¥–∏—Ç–æ—Ä–∏—è;–û–±—â–µ–ø–æ—Ç–æ—á–Ω–∞—è —É—á–µ–±–Ω–∞—è –∞—É–¥–∏—Ç–æ—Ä–∏—è;–£—á–µ–±–Ω—ã–π —Å–æ–≤–µ—Ç;–£–ú–£;
;6311;40;53,2;–∞—É–¥–∏—Ç–æ—Ä–∏—è;–û–±—â–µ–ø–æ—Ç–æ—á–Ω–∞—è —É—á–µ–±–Ω–∞—è –∞—É–¥–∏—Ç–æ—Ä–∏—è;–£—á–µ–±–Ω—ã–π —Å–æ–≤–µ—Ç;–£–ú–£;
;6312;38;55,8;–∞—É–¥–∏—Ç–æ—Ä–∏—è;–û–±—â–µ–ø–æ—Ç–æ—á–Ω–∞—è —É—á–µ–±–Ω–∞—è –∞—É–¥–∏—Ç–æ—Ä–∏—è;–£—á–µ–±–Ω—ã–π —Å–æ–≤–µ—Ç;–£–ú–£;
;6313;38;37,6;–∞—É–¥–∏—Ç–æ—Ä–∏—è;–û–±—â–µ–ø–æ—Ç–æ—á–Ω–∞—è —É—á–µ–±–Ω–∞—è –∞—É–¥–∏—Ç–æ—Ä–∏—è;–£—á–µ–±–Ω—ã–π —Å–æ–≤–µ—Ç;–£–ú–£;
;6314;80;75,4;–∞—É–¥–∏—Ç–æ—Ä–∏—è;–û–±—â–µ–ø–æ—Ç–æ—á–Ω–∞—è —É—á–µ–±–Ω–∞—è –∞—É–¥–∏—Ç–æ—Ä–∏—è;–£—á–µ–±–Ω—ã–π —Å–æ–≤–µ—Ç;–£–ú–£;
;6315;;31;–∫–æ–º–Ω–∞—Ç–∞;–ü–æ–º–µ—â–µ–Ω–∏–µ –ø—Ä–æ—Ñ–∫–æ–º–∞ —Å—Ç—É–¥–µ–Ω—Ç–æ–≤;–ü—Ä–æ—Ñ–∫–æ–º —Å—Ç—É–¥–µ–Ω—Ç–æ–≤ –ù–ì–¢–£üòé;–ü—Ä–æ—Ñ–∫–æ–º —Å—Ç—É–¥–µ–Ω—Ç–æ–≤ –ù–ì–¢–£;
;6316;;;;;;;
;6317;18;16,8;–∞—É–¥–∏—Ç–æ—Ä–∏—è;–û–±—â–µ–ø–æ—Ç–æ—á–Ω–∞—è —É—á–µ–±–Ω–∞—è –∞—É–¥–∏—Ç–æ—Ä–∏—è;–£—á–µ–±–Ω—ã–π —Å–æ–≤–µ—Ç;–£–ú–£;
;6318;;;;;;;
;6319;;16,5;–∫–æ–º–Ω–∞—Ç–∞;–ò–Ω—Ç–µ—Ä–Ω–µ—Ç-—Å–µ—Ä–≤–µ—Ä –ò–í–¶;–ò–í–¶ –ù–ì–¢–£;–£–ø—Ä–∞–≤–ª–µ–Ω–∏–µ –∏–Ω—Ñ–æ—Ä–º–∞—Ç–∏–∑–∞—Ü–∏–∏;
;6320;70;73,6;–∞—É–¥–∏—Ç–æ—Ä–∏—è;–û–±—â–µ–ø–æ—Ç–æ—á–Ω–∞—è —É—á–µ–±–Ω–∞—è –∞—É–¥–∏—Ç–æ—Ä–∏—è;–£—á–µ–±–Ω—ã–π —Å–æ–≤–µ—Ç;–£–ú–£;
;6321;28;33,5;–∞—É–¥–∏—Ç–æ—Ä–∏—è;–û–±—â–µ–ø–æ—Ç–æ—á–Ω–∞—è —É—á–µ–±–Ω–∞—è –∞—É–¥–∏—Ç–æ—Ä–∏—è;–£—á–µ–±–Ω—ã–π —Å–æ–≤–µ—Ç;–£–ú–£;
;6322;48;50,3;–∞—É–¥–∏—Ç–æ—Ä–∏—è;–û–±—â–µ–ø–æ—Ç–æ—á–Ω–∞—è —É—á–µ–±–Ω–∞—è –∞—É–¥–∏—Ç–æ—Ä–∏—è;–£—á–µ–±–Ω—ã–π —Å–æ–≤–µ—Ç;–£–ú–£;
;6323;18;16,4;–∞—É–¥–∏—Ç–æ—Ä–∏—è;–û–±—â–µ–ø–æ—Ç–æ—á–Ω–∞—è —É—á–µ–±–Ω–∞—è –∞—É–¥–∏—Ç–æ—Ä–∏—è;–£—á–µ–±–Ω—ã–π —Å–æ–≤–µ—Ç;–£–ú–£;
;6324;12;20,6;–∞—É–¥–∏—Ç–æ—Ä–∏—è;–û–±—â–µ–ø–æ—Ç–æ—á–Ω–∞—è —É—á–µ–±–Ω–∞—è –∞—É–¥–∏—Ç–æ—Ä–∏—è;–£—á–µ–±–Ω—ã–π —Å–æ–≤–µ—Ç;–£–ú–£;
;6325;84;85;–∞—É–¥–∏—Ç–æ—Ä–∏—è;–û–±—â–µ–ø–æ—Ç–æ—á–Ω–∞—è —É—á–µ–±–Ω–∞—è –∞—É–¥–∏—Ç–æ—Ä–∏—è;–£—á–µ–±–Ω—ã–π —Å–æ–≤–µ—Ç;–£–ú–£;
;6326;56;68,3;–∞—É–¥–∏—Ç–æ—Ä–∏—è;–û–±—â–µ–ø–æ—Ç–æ—á–Ω–∞—è —É—á–µ–±–Ω–∞—è –∞—É–¥–∏—Ç–æ—Ä–∏—è;–£—á–µ–±–Ω—ã–π —Å–æ–≤–µ—Ç;–£–ú–£;
;6327;104;85;–∞—É–¥–∏—Ç–æ—Ä–∏—è;–û–±—â–µ–ø–æ—Ç–æ—á–Ω–∞—è —É—á–µ–±–Ω–∞—è –∞—É–¥–∏—Ç–æ—Ä–∏—è;–£—á–µ–±–Ω—ã–π —Å–æ–≤–µ—Ç;–£–ú–£;
;6328;;;;;;;
;6329;;;;;;;
;6330;;;;;;;
;6331;64;88,5;–∞—É–¥–∏—Ç–æ—Ä–∏—è;–û–±—â–µ–ø–æ—Ç–æ—á–Ω–∞—è —É—á–µ–±–Ω–∞—è –∞—É–¥–∏—Ç–æ—Ä–∏—è;–£—á–µ–±–Ω—ã–π —Å–æ–≤–µ—Ç;–£–ú–£;
;6332;20;18,7;–∞—É–¥–∏—Ç–æ—Ä–∏—è;–û–±—â–µ–ø–æ—Ç–æ—á–Ω–∞—è —É—á–µ–±–Ω–∞—è –∞—É–¥–∏—Ç–æ—Ä–∏—è;–£—á–µ–±–Ω—ã–π —Å–æ–≤–µ—Ç;–£–ú–£;
;6333;26;32;–∞—É–¥–∏—Ç–æ—Ä–∏—è;–û–±—â–µ–ø–æ—Ç–æ—á–Ω–∞—è —É—á–µ–±–Ω–∞—è –∞—É–¥–∏—Ç–æ—Ä–∏—è;–£—á–µ–±–Ω—ã–π —Å–æ–≤–µ—Ç;–£–ú–£;
;6334;64;94,2;–∞—É–¥–∏—Ç–æ—Ä–∏—è;–û–±—â–µ–ø–æ—Ç–æ—á–Ω–∞—è —É—á–µ–±–Ω–∞—è –∞—É–¥–∏—Ç–æ—Ä–∏—è;–£—á–µ–±–Ω—ã–π —Å–æ–≤–µ—Ç;–£–ú–£;
;6335;26;32,6;–∞—É–¥–∏—Ç–æ—Ä–∏—è;–û–±—â–µ–ø–æ—Ç–æ—á–Ω–∞—è —É—á–µ–±–Ω–∞—è –∞—É–¥–∏—Ç–æ—Ä–∏—è;–£—á–µ–±–Ω—ã–π —Å–æ–≤–µ—Ç;–£–ú–£;
;6336;64;99,6;–∞—É–¥–∏—Ç–æ—Ä–∏—è;–û–±—â–µ–ø–æ—Ç–æ—á–Ω–∞—è —É—á–µ–±–Ω–∞—è –∞—É–¥–∏—Ç–æ—Ä–∏—è;–£—á–µ–±–Ω—ã–π —Å–æ–≤–µ—Ç;–£–ú–£;
;6337;;20,9;–∫–∞–±–∏–Ω–µ—Ç;–ö–∞–±–∏–Ω–µ—Ç –Ω–∞—á–∞–ª—å–Ω–∏–∫–∞ —É–ø—Ä–∞–≤–ª–µ–Ω–∏—è –∏–Ω—Ñ–æ—Ä–º–∞—Ç–∏–∑–∞—Ü–∏–∏;–ò–í–¶ –ù–ì–¢–£;–£–ø—Ä–∞–≤–ª–µ–Ω–∏–µ –∏–Ω—Ñ–æ—Ä–º–∞—Ç–∏–∑–∞—Ü–∏–∏;
;6338;;19,8;–∫–æ–º–Ω–∞—Ç–∞;–°–µ—Ä–≤–µ—Ä–Ω–∞—è;–ò–í–¶ –ù–ì–¢–£;–£–ø—Ä–∞–≤–ª–µ–Ω–∏–µ –∏–Ω—Ñ–æ—Ä–º–∞—Ç–∏–∑–∞—Ü–∏–∏;
;6339;12;64,3;–ö–ª–∞—Å—Å;–ö–æ–º–ø—å—é—Ç–µ—Ä–Ω—ã–π –∫–ª–∞—Å—Å –ò–í–¶ ‚Ññ 11;–ò–í–¶ –ù–ì–¢–£;–£–ø—Ä–∞–≤–ª–µ–Ω–∏–µ –∏–Ω—Ñ–æ—Ä–º–∞—Ç–∏–∑–∞—Ü–∏–∏;
;6340;12;64,6;–ö–ª–∞—Å—Å;–ö–æ–º–ø—å—é—Ç–µ—Ä–Ω—ã–π –∫–ª–∞—Å—Å –ò–í–¶ ‚Ññ 12;–ò–í–¶ –ù–ì–¢–£;–£–ø—Ä–∞–≤–ª–µ–Ω–∏–µ –∏–Ω—Ñ–æ—Ä–º–∞—Ç–∏–∑–∞—Ü–∏–∏;
;6341;12;64,8;–ö–ª–∞—Å—Å;–ö–æ–º–ø—å—é—Ç–µ—Ä–Ω—ã–π –∫–ª–∞—Å—Å –ò–í–¶ ‚Ññ 13;–ò–í–¶ –ù–ì–¢–£;–£–ø—Ä–∞–≤–ª–µ–Ω–∏–µ –∏–Ω—Ñ–æ—Ä–º–∞—Ç–∏–∑–∞—Ü–∏–∏;
;6342;12;64,6;–ö–ª–∞—Å—Å;–ö–æ–º–ø—å—é—Ç–µ—Ä–Ω—ã–π –∫–ª–∞—Å—Å –ò–í–¶ ‚Ññ 14;–ò–í–¶ –ù–ì–¢–£;–£–ø—Ä–∞–≤–ª–µ–Ω–∏–µ –∏–Ω—Ñ–æ—Ä–º–∞—Ç–∏–∑–∞—Ü–∏–∏;
;6343;12;64,4;–ö–ª–∞—Å—Å;–ö–æ–º–ø—å—é—Ç–µ—Ä–Ω—ã–π –∫–ª–∞—Å—Å –ò–í–¶ ‚Ññ 15;–ò–í–¶ –ù–ì–¢–£;–£–ø—Ä–∞–≤–ª–µ–Ω–∏–µ –∏–Ω—Ñ–æ—Ä–º–∞—Ç–∏–∑–∞—Ü–∏–∏;
;6344;12;48,6;–ö–ª–∞—Å—Å;–°–µ–∫—Ç–æ—Ä –æ–±—Å–ª—É–∂–∏–≤–∞–Ω–∏—è —É—á–µ–±–Ω–æ–≥–æ –ø—Ä–æ—Ü–µ—Å—Å–∞ –ò–í–¶;–ò–í–¶ –ù–ì–¢–£;–£–ø—Ä–∞–≤–ª–µ–Ω–∏–µ –∏–Ω—Ñ–æ—Ä–º–∞—Ç–∏–∑–∞—Ü–∏–∏;
;6345;64;100,6;–∞—É–¥–∏—Ç–æ—Ä–∏—è;–û–±—â–µ–ø–æ—Ç–æ—á–Ω–∞—è —É—á–µ–±–Ω–∞—è –∞—É–¥–∏—Ç–æ—Ä–∏—è;–£—á–µ–±–Ω—ã–π —Å–æ–≤–µ—Ç;–£–ú–£;
;6346;;;;;;;
;6347;;;;;;;
;6348;;;;;;;
;6349;;;;;;;
;6350;;;;;;;
;6351;;;;;;;
;6352;;;;;;;
;6353;;;;;;;
;6354;;;;;;;
;6355;;;;;;;
;6356;;;;;;;
;6357;;;;;;;
;6358;;;;;;;
;6359;;;;;;;
;6360;;;;;;;
;6361;;;;;;;
;6362;;;;;;;
;6363;;;;;;;
;6364;;;;;;;
;6365;;;;;;;
;6366;;;;;;;
;6367;;;;;;;
;6368;;;;;;;
;6369;;;;;;;
;6370;;;;;;;
;6371;;;;;;;
;6372;;;;;;;
;6373;;;;;;;
;6374;;;;;;;
;6375;;;;;;;
;6376;;;;;;;
;6377;;;;;;;
;6378;;;;;;;
;6379;;;;;;;
;6380;;;;;;;
;6381;;;;;;;
;6382;;;;;;;
;;;;;;;;
id;‚Ññ –∞—É–¥–∏—Ç–æ—Ä–∏–∏;–ö–æ–ª-–≤–æ –ø–æ—Å–∞–¥–æ—á–Ω—ã—Ö –º–µ—Å—Ç;–ü–ª–æ—â–∞–¥—å;–ù–∞–∑–Ω–∞—á–µ–Ω–∏–µ;–§–∞–∫—Ç–∏—á–µ—Å–∫–æ–µ –∏—Å–ø–æ–ª—å–∑–æ–≤–∞–Ω–∏–µ;–ö–∞—Ñ–µ–¥—Ä–∞;–ò–Ω—Å—Ç–∏—Ç—É—Ç;
1;6401;;30,9;–ª–∞–±–æ—Ä–∞—Ç–æ—Ä–∏—è;–ü—Ä–µ–ø–æ–¥–∞–≤–∞—Ç–µ–ª—å—Å–∫–∞—è –¢–î–∏–ü;–¢–∞–º–æ–∂–µ–Ω–Ω–æ–µ –¥–µ–ª–æ –∏ –ø—Ä–∞–≤–æ;–ò–ù–≠–£;
2;6402;;35,5;–ª–∞–±–æ—Ä–∞—Ç–æ—Ä–∏—è;–ü—Ä–µ–ø–æ–¥–∞–≤–∞—Ç–µ–ª—å—Å–∫–∞—è –ú–ò–∏–§–ù;–ú–µ—Ç–æ–¥–æ–ª–æ–≥–∏—è, –∏—Å—Ç–æ—Ä–∏—è –∏ —Ñ–∏–ª–æ—Å–æ—Ñ–∏—è –Ω–∞—É–∫;–ò–ù–≠–£;
3;6403;;16;–∫–æ–º–Ω–∞—Ç–∞;–ö–∞–±–∏–Ω–µ—Ç –∑–∞–≤.–∫–∞—Ñ–µ–¥—Ä—ã –ò–Ø;–ò–Ω–æ—Å—Ç—Ä–∞–Ω–Ω—ã–µ —è–∑—ã–∫–∏;–ò–ù–≠–£;
4;6404;;36,6;–ª–∞–±–æ—Ä–∞—Ç–æ—Ä–∏—è;–ü–æ–º–µ—â–µ–Ω–∏–µ –∫–∞—Ñ–µ–¥—Ä—ã –ò–Ø;–ò–Ω–æ—Å—Ç—Ä–∞–Ω–Ω—ã–µ —è–∑—ã–∫–∏;–ò–ù–≠–£;
5;6405;24;32,7;–ª–∞–±–æ—Ä–∞—Ç–æ—Ä–∏—è;–ü–æ–º–µ—â–µ–Ω–∏–µ –∫–∞—Ñ–µ–¥—Ä—ã –ò–Ø;–ò–Ω–æ—Å—Ç—Ä–∞–Ω–Ω—ã–µ —è–∑—ã–∫–∏;–ò–ù–≠–£;
6;6406;;33,5;–ª–∞–±–æ—Ä–∞—Ç–æ—Ä–∏—è;–ü–æ–º–µ—â–µ–Ω–∏–µ –∫–∞—Ñ–µ–¥—Ä—ã –ò–Ø;–ò–Ω–æ—Å—Ç—Ä–∞–Ω–Ω—ã–µ —è–∑—ã–∫–∏;–ò–ù–≠–£;
7;6407;;16,1;–∫–æ–º–Ω–∞—Ç–∞;–ö–∞–±–∏–Ω–µ—Ç —Å–æ—Ç—Ä—É–¥–Ω–∏–∫–æ–≤ –£–≠–†;–£–ø—Ä–∞–≤–ª–µ–Ω–∏–µ —ç–∫—Å–ø–ª—É–∞—Ç–∞—Ü–∏–∏ –∏ —Ä–∞–∑–≤–∏—Ç–∏—è;–ê–•–ß;
8;6408;48;55;–∞—É–¥–∏—Ç–æ—Ä–∏—è;–û–±—â–µ–ø–æ—Ç–æ—á–Ω–∞—è —É—á–µ–±–Ω–∞—è –∞—É–¥–∏—Ç–æ—Ä–∏—è;–£—á–µ–±–Ω—ã–π –æ—Ç–¥–µ–ª;–£–ú–£;
9;6409;20;49,6;–∞—É–¥–∏—Ç–æ—Ä–∏—è;–£—á–µ–±–Ω–∞—è –ª–∞–±–æ—Ä–∞—Ç–æ—Ä–∏—è –¥–æ–∫—É–º–µ–Ω—Ç–æ–≤–µ–¥–µ–Ω–∏—è;–£—á–µ–±–Ω—ã–π –æ—Ç–¥–µ–ª;–£–ú–£;
10;6410;38;54,7;–∞—É–¥–∏—Ç–æ—Ä–∏—è;–û–±—â–µ–ø–æ—Ç–æ—á–Ω–∞—è —É—á–µ–±–Ω–∞—è –∞—É–¥–∏—Ç–æ—Ä–∏—è;–£—á–µ–±–Ω—ã–π –æ—Ç–¥–µ–ª;–£–ú–£;
11;6411;48;49,6;–∞—É–¥–∏—Ç–æ—Ä–∏—è;–û–±—â–µ–ø–æ—Ç–æ—á–Ω–∞—è —É—á–µ–±–Ω–∞—è –∞—É–¥–∏—Ç–æ—Ä–∏—è;–£—á–µ–±–Ω—ã–π –æ—Ç–¥–µ–ª;–£–ú–£;
12;6412;44;55;–∞—É–¥–∏—Ç–æ—Ä–∏—è;–û–±—â–µ–ø–æ—Ç–æ—á–Ω–∞—è —É—á–µ–±–Ω–∞—è –∞—É–¥–∏—Ç–æ—Ä–∏—è;–£—á–µ–±–Ω—ã–π –æ—Ç–¥–µ–ª;–£–ú–£;
13;6413;48;50;–∞—É–¥–∏—Ç–æ—Ä–∏—è;–û–±—â–µ–ø–æ—Ç–æ—á–Ω–∞—è —É—á–µ–±–Ω–∞—è –∞—É–¥–∏—Ç–æ—Ä–∏—è;–£—á–µ–±–Ω—ã–π –æ—Ç–¥–µ–ª;–£–ú–£;
14;6414;48;54,7;–∞—É–¥–∏—Ç–æ—Ä–∏—è;–û–±—â–µ–ø–æ—Ç–æ—á–Ω–∞—è —É—á–µ–±–Ω–∞—è –∞—É–¥–∏—Ç–æ—Ä–∏—è;–£—á–µ–±–Ω—ã–π –æ—Ç–¥–µ–ª;–£–ú–£;
15;6415;28;37,5;–∞—É–¥–∏—Ç–æ—Ä–∏—è;–û–±—â–µ–ø–æ—Ç–æ—á–Ω–∞—è —É—á–µ–±–Ω–∞—è –∞—É–¥–∏—Ç–æ—Ä–∏—è;–£—á–µ–±–Ω—ã–π –æ—Ç–¥–µ–ª;–£–ú–£;
16;6416;76;91,5;–∞—É–¥–∏—Ç–æ—Ä–∏—è;–û–±—â–µ–ø–æ—Ç–æ—á–Ω–∞—è —É—á–µ–±–Ω–∞—è –∞—É–¥–∏—Ç–æ—Ä–∏—è;–£—á–µ–±–Ω—ã–π –æ—Ç–¥–µ–ª;–£–ú–£;
17;6417;48;50,5;–∞—É–¥–∏—Ç–æ—Ä–∏—è;–û–±—â–µ–ø–æ—Ç–æ—á–Ω–∞—è —É—á–µ–±–Ω–∞—è –∞—É–¥–∏—Ç–æ—Ä–∏—è;–£—á–µ–±–Ω—ã–π –æ—Ç–¥–µ–ª;–£–ú–£;
18;6419;48;50,2;–∞—É–¥–∏—Ç–æ—Ä–∏—è;–û–±—â–µ–ø–æ—Ç–æ—á–Ω–∞—è —É—á–µ–±–Ω–∞—è –∞—É–¥–∏—Ç–æ—Ä–∏—è;–£—á–µ–±–Ω—ã–π –æ—Ç–¥–µ–ª;–£–ú–£;
19;6421;84;67,1;–∞—É–¥–∏—Ç–æ—Ä–∏—è;–ú—É–ª—å—Ç–∏–º–µ–¥–∏–π–Ω–∞—è –∞—É–¥–∏—Ç–æ—Ä–∏—è –ò–ù–≠–£;–£—á–µ–±–Ω—ã–π –æ—Ç–¥–µ–ª;–£–ú–£;
20;6425;76;89,7;–∞—É–¥–∏—Ç–æ—Ä–∏—è;–û–±—â–µ–ø–æ—Ç–æ—á–Ω–∞—è —É—á–µ–±–Ω–∞—è –∞—É–¥–∏—Ç–æ—Ä–∏—è;–£—á–µ–±–Ω—ã–π –æ—Ç–¥–µ–ª;–£–ú–£;
21;6426;76;73,5;–∞—É–¥–∏—Ç–æ—Ä–∏—è;–û–±—â–µ–ø–æ—Ç–æ—á–Ω–∞—è —É—á–µ–±–Ω–∞—è –∞—É–¥–∏—Ç–æ—Ä–∏—è;–£—á–µ–±–Ω—ã–π –æ—Ç–¥–µ–ª;–£–ú–£;
22;6427;108;83,1;–∞—É–¥–∏—Ç–æ—Ä–∏—è;–û–±—â–µ–ø–æ—Ç–æ—á–Ω–∞—è —É—á–µ–±–Ω–∞—è –∞—É–¥–∏—Ç–æ—Ä–∏—è;–£—á–µ–±–Ω—ã–π –æ—Ç–¥–µ–ª;–£–ú–£;
;;;;;;;;
24;6429;14;15,4;–∞—É–¥–∏—Ç–æ—Ä–∏—è;–û–±—â–µ–ø–æ—Ç–æ—á–Ω–∞—è —É—á–µ–±–Ω–∞—è –∞—É–¥–∏—Ç–æ—Ä–∏—è;–£—á–µ–±–Ω—ã–π –æ—Ç–¥–µ–ª;–£–ú–£;
25;6431;28;32,9;–∞—É–¥–∏—Ç–æ—Ä–∏—è;–û–±—â–µ–ø–æ—Ç–æ—á–Ω–∞—è —É—á–µ–±–Ω–∞—è –∞—É–¥–∏—Ç–æ—Ä–∏—è;–£—á–µ–±–Ω—ã–π –æ—Ç–¥–µ–ª;–£–ú–£;
26;6433;14;15,4;–∞—É–¥–∏—Ç–æ—Ä–∏—è;–û–±—â–µ–ø–æ—Ç–æ—á–Ω–∞—è —É—á–µ–±–Ω–∞—è –∞—É–¥–∏—Ç–æ—Ä–∏—è;–£—á–µ–±–Ω—ã–π –æ—Ç–¥–µ–ª;–£–ú–£;
;6434;;;;;;;
27;6435;14;15,4;–∞—É–¥–∏—Ç–æ—Ä–∏—è;–û–±—â–µ–ø–æ—Ç–æ—á–Ω–∞—è —É—á–µ–±–Ω–∞—è –∞—É–¥–∏—Ç–æ—Ä–∏—è;–£—á–µ–±–Ω—ã–π –æ—Ç–¥–µ–ª;–£–ú–£;
30;6438;;36,2;–∫–∞–±–∏–Ω–µ—Ç;"–õ–∞–±–æ—Ä–∞—Ç–æ—Ä–∏—è ""–≠–ª–µ–∫—Ç—Ä–æ—Å–Ω–∞–±–∂–µ–Ω–∏—è"" –≠–≠–°–≠";–≠–ª–µ–∫—Ç—Ä–æ—Å–Ω–∞–±–∂–µ–Ω–∏—è –∏ —ç–ª–µ–∫—Ç—Ä–æ—ç–Ω–µ—Ä–≥–µ—Ç–∏–∫–∏;–ò–ù–≠–õ;
31;6439;;32,3;–∞—É–¥–∏—Ç–æ—Ä–∏—è;"–õ–∞–±–æ—Ä–∞—Ç–æ—Ä–∏—è ""–ò–Ω—Ñ–æ—Ä–º–∞—Ü–∏–æ–Ω–Ω–æ-–∏–∑–º–µ—Ä–∏—Ç–µ–ª—å–Ω–∞—è —Ç–µ—Ö–Ω–∏–∫–∞"", ""–≠–ª–µ–∫—Ç—Ä–∏—á–µ—Å–∫–æ–µ –æ—Å–≤–µ—â–µ–Ω–∏–µ"" –≠–≠–°–≠";–≠–ª–µ–∫—Ç—Ä–æ—Å–Ω–∞–±–∂–µ–Ω–∏—è –∏ —ç–ª–µ–∫—Ç—Ä–æ—ç–Ω–µ—Ä–≥–µ—Ç–∏–∫–∏;–ò–ù–≠–õ;
32;6440;;17,1;–∞–ø–ø–∞—Ä–∞—Ç–Ω–∞—è;–ü–æ–º–µ—â–µ–Ω–∏–µ –∑–∞–≤.–∫–∞—Ñ–µ–¥—Ä—ã –≠–≠–°–≠;–≠–ª–µ–∫—Ç—Ä–æ—Å–Ω–∞–±–∂–µ–Ω–∏—è –∏ —ç–ª–µ–∫—Ç—Ä–æ—ç–Ω–µ—Ä–≥–µ—Ç–∏–∫–∏;–ò–ù–≠–õ;
33;6441;;32,4;–∞—É–¥–∏—Ç–æ—Ä–∏—è;–£—á–µ–±–Ω–∞—è –∞—É–¥–∏—Ç–æ—Ä–∏—è –≠–≠–°–≠;–≠–ª–µ–∫—Ç—Ä–æ—Å–Ω–∞–±–∂–µ–Ω–∏—è –∏ —ç–ª–µ–∫—Ç—Ä–æ—ç–Ω–µ—Ä–≥–µ—Ç–∏–∫–∏;–ò–ù–≠–õ;
34;6442;;55;–∑–∞–ª;"–õ–∞–±–æ—Ä–∞—Ç–æ—Ä–∏—è ""–≠–ª–µ–∫—Ç—Ä–∏—á–µ—Å–∫–∏–µ –∞–ø–ø–∞—Ä–∞—Ç—ã"" –≠–≠–°–≠";–≠–ª–µ–∫—Ç—Ä–æ—Å–Ω–∞–±–∂–µ–Ω–∏—è –∏ —ç–ª–µ–∫—Ç—Ä–æ—ç–Ω–µ—Ä–≥–µ—Ç–∏–∫–∏;–ò–ù–≠–õ;
35;6443;;32,1;–∞—É–¥–∏—Ç–æ—Ä–∏—è;–£—á–µ–±–Ω–∞—è –∞—É–¥–∏—Ç–æ—Ä–∏—è –≠–≠–°–≠;–≠–ª–µ–∫—Ç—Ä–æ—Å–Ω–∞–±–∂–µ–Ω–∏—è –∏ —ç–ª–µ–∫—Ç—Ä–æ—ç–Ω–µ—Ä–≥–µ—Ç–∏–∫–∏;–ò–ù–≠–õ;
37;6445;64;99,5;–∞—É–¥–∏—Ç–æ—Ä–∏—è;–û–±—â–µ–ø–æ—Ç–æ—á–Ω–∞—è —É—á–µ–±–Ω–∞—è –∞—É–¥–∏—Ç–æ—Ä–∏—è;–£—á–µ–±–Ω—ã–π –æ—Ç–¥–µ–ª;–£–ú–£;
38;6446;;20,6;–∫–∞–±–∏–Ω–µ—Ç;–ö–∞–±–∏–Ω–µ—Ç –∑–∞–≤.–∫–∞—Ñ–µ–¥—Ä—ã –ì–ò–°;–ì–ò–°;–ò–†–ò–¢;
39;6447;;9,7;–∫–æ–º–Ω–∞—Ç–∞;–ü–æ–¥—Å–æ–±–Ω–æ–µ –ø–æ–º–µ—â–µ–Ω–∏–µ –∫–∞—Ñ–µ–¥—Ä—ã ¬´–ì—Ä–∞—Ñ–∏—á–µ—Å–∫–∏–µ –∏–Ω—Ñ–æ—Ä–º–∞—Ü–∏–æ–Ω–Ω—ã–µ —Å–∏—Å—Ç–µ–º—ã¬ª;–ì–ò–°;–ò–†–ò–¢;
40;6448;;9,7;–∫–æ–º–Ω–∞—Ç–∞;–ü–æ–¥—Å–æ–±–Ω–æ–µ –ø–æ–º–µ—â–µ–Ω–∏–µ;–ò–í–¶ –ù–ì–¢–£;–£–ø—Ä–∞–≤–ª–µ–Ω–∏–µ –∏–Ω—Ñ–æ—Ä–º–∞—Ç–∏–∑–∞—Ü–∏–∏;
41;6449;;64,5;–∫–ª–∞—Å—Å;–ö–æ–º–ø—å—é—Ç–µ—Ä–Ω—ã–π –∫–ª–∞—Å—Å –ì–ò–°;–ì–ò–°;–ò–†–ò–¢;
42;6450;;64,6;–∫–ª–∞—Å—Å;–ö–æ–º–ø—å—é—Ç–µ—Ä–Ω—ã–π –∫–ª–∞—Å—Å –ì–ò–°;–ì–ò–°;–ò–†–ò–¢;
43;6451;;64,7;–∫–ª–∞—Å—Å;–£—á–µ–±–Ω–∞—è –∞—É–¥–∏—Ç–æ—Ä–∏—è –ì–ò–°;–ì–ò–°;–ò–†–ò–¢;
44;6452;;64,6;–∫–ª–∞—Å—Å;–ö–æ–º–ø—å—é—Ç–µ—Ä–Ω—ã–π –∫–ª–∞—Å—Å –ì–ò–°;–ì–ò–°;–ò–†–ò–¢;
45;6453;;64,9;–∫–ª–∞—Å—Å;–ö–æ–º–ø—å—é—Ç–µ—Ä–Ω—ã–π –∫–ª–∞—Å—Å –ì–ò–°;–ì–ò–°;–ò–†–ò–¢;
46;6454;;48,4;–∫–ª–∞—Å—Å;–£—á–µ–±–Ω–∞—è –∞—É–¥–∏—Ç–æ—Ä–∏—è –ì–ò–°;–ì–ò–°;–ò–†–ò–¢;
47;6455;64;100;–∫–ª–∞—Å—Å;–û–±—â–µ–ø–æ—Ç–æ—á–Ω–∞—è —É—á–µ–±–Ω–∞—è –∞—É–¥–∏—Ç–æ—Ä–∏—è;–£—á–µ–±–Ω—ã–π –æ—Ç–¥–µ–ª;–£–ú–£;
;6456;;;;;;;
;6457;;;;;;;
;6458;;;;;;;
;6459;;;;;;;
48;6460;72;87,9;–∞—É–¥–∏—Ç–æ—Ä–∏—è;–£—á–µ–±–Ω–∞—è –∞—É–¥–∏—Ç–æ—Ä–∏—è;–£—á–µ–±–Ω—ã–π –æ—Ç–¥–µ–ª;–£–ú–£;
;6461;;;;;;;
49;6462;;46,6;—É—á–µ–±–Ω—ã–π –∫–ª–∞—Å—Å;–£—á–µ–±–Ω–∞—è –∞—É–¥–∏—Ç–æ—Ä–∏—è (—Ä–µ–∑–µ—Ä–≤);–†–µ–∫—Ç–æ—Ä–∞—Ç;;
50;6463;32;45,1;–∞—É–¥–∏—Ç–æ—Ä–∏—è;–£—á–µ–±–Ω–∞—è –∞—É–¥–∏—Ç–æ—Ä–∏—è (—Ä–µ–∑–µ—Ä–≤);–†–µ–∫—Ç–æ—Ä–∞—Ç;;
51;6465;;46,4;–£—á–µ–±–Ω—ã–π –∫–ª–∞—Å—Å;–£—á–µ–±–Ω–∞—è –∞—É–¥–∏—Ç–æ—Ä–∏—è (—Ä–µ–∑–µ—Ä–≤);–†–µ–∫—Ç–æ—Ä–∞—Ç;;
;;;;;;;;
;;;;;;;;
;;;;;;;;
id;‚Ññ –∞—É–¥–∏—Ç–æ—Ä–∏–∏;–ö–æ–ª-–≤–æ –ø–æ—Å–∞–¥–æ—á–Ω—ã—Ö –º–µ—Å—Ç;–ü–ª–æ—â–∞–¥—å;–ù–∞–∑–Ω–∞—á–µ–Ω–∏–µ;–§–∞–∫—Ç–∏—á–µ—Å–∫–æ–µ –∏—Å–ø–æ–ª—å–∑–æ–≤–∞–Ω–∏–µ;–ö–∞—Ñ–µ–¥—Ä–∞;–ò–Ω—Å—Ç–∏—Ç—É—Ç;
;6501;44;51,1;–∞—É–¥–∏—Ç–æ—Ä–∏—è;–û–±—â–µ–ø–æ—Ç–æ—á–Ω–∞—è —É—á–µ–±–Ω–∞—è –∞—É–¥–∏—Ç–æ—Ä–∏—è;–£—á–µ–±–Ω—ã–π –æ—Ç–¥–µ–ª;–£–ú–£;
;6502;50;56,4;–∞—É–¥–∏—Ç–æ—Ä–∏—è;–û–±—â–µ–ø–æ—Ç–æ—á–Ω–∞—è —É—á–µ–±–Ω–∞—è –∞—É–¥–∏—Ç–æ—Ä–∏—è;–£—á–µ–±–Ω—ã–π –æ—Ç–¥–µ–ª;–£–ú–£;
;6503;;17,5;–ö–∞–±–∏–Ω–µ—Ç;–ö–∞–±–∏–Ω–µ—Ç –≤–µ–¥—É—â–µ–≥–æ –∏–Ω–∂–µ–Ω–µ—Ä–∞ –æ—Ç–¥–µ–ª–∞ –ø—Ä–æ—Ç–∏–≤–æ–ø–æ–∂–∞—Ä–Ω–æ–π –±–µ–∑–æ–ø–∞—Å–Ω–æ—Å—Ç–∏;–û—Ç–¥–µ–ª –ø—Ä–æ—Ç–∏–≤–æ–ø–æ–∂–∞—Ä–Ω–æ–π –±–µ–∑–æ–ø–∞—Å–Ω–æ—Å—Ç–∏;–ê–•–ß;
;6504;12;17,7;–∞—É–¥–∏—Ç–æ—Ä–∏—è;–û–±—â–µ–ø–æ—Ç–æ—á–Ω–∞—è —É—á–µ–±–Ω–∞—è –∞—É–¥–∏—Ç–æ—Ä–∏—è;–£—á–µ–±–Ω—ã–π –æ—Ç–¥–µ–ª;–£–ú–£;
;6505;24;33,1;–∞—É–¥–∏—Ç–æ—Ä–∏—è;–û–±—â–µ–ø–æ—Ç–æ—á–Ω–∞—è —É—á–µ–±–Ω–∞—è –∞—É–¥–∏—Ç–æ—Ä–∏—è;–£—á–µ–±–Ω—ã–π –æ—Ç–¥–µ–ª;–£–ú–£;
;6506;12;18;–∞—É–¥–∏—Ç–æ—Ä–∏—è;–û–±—â–µ–ø–æ—Ç–æ—á–Ω–∞—è —É—á–µ–±–Ω–∞—è –∞—É–¥–∏—Ç–æ—Ä–∏—è;–£—á–µ–±–Ω—ã–π –æ—Ç–¥–µ–ª;–£–ú–£;
;6507;;;;;;;
;6508;48;54,4;–∞—É–¥–∏—Ç–æ—Ä–∏—è;–û–±—â–µ–ø–æ—Ç–æ—á–Ω–∞—è —É—á–µ–±–Ω–∞—è –∞—É–¥–∏—Ç–æ—Ä–∏—è;–£—á–µ–±–Ω—ã–π –æ—Ç–¥–µ–ª;–£–ú–£;
;6509;;;;;;;
;6510;72;37,9;–∞—É–¥–∏—Ç–æ—Ä–∏—è;–û–±—â–µ–ø–æ—Ç–æ—á–Ω–∞—è —É—á–µ–±–Ω–∞—è –∞—É–¥–∏—Ç–æ—Ä–∏—è;–£—á–µ–±–Ω—ã–π –æ—Ç–¥–µ–ª;–£–ú–£;
;6511;12;16,3;–∞—É–¥–∏—Ç–æ—Ä–∏—è;–ü–æ–¥—Å–æ–±–Ω–æ–µ –ø–æ–º–µ—â–µ–Ω–∏–µ –ò–í–¶;–ò–í–¶ –ù–ì–¢–£;–£–ø—Ä–∞–≤–ª–µ–Ω–∏–µ –∏–Ω—Ñ–æ—Ä–º–∞—Ç–∏–∑–∞—Ü–∏–∏;
;6512;30;56,4;–∞—É–¥–∏—Ç–æ—Ä–∏—è;–û–±—â–µ–ø–æ—Ç–æ—á–Ω–∞—è —É—á–µ–±–Ω–∞—è –∞—É–¥–∏—Ç–æ—Ä–∏—è;–£—á–µ–±–Ω—ã–π –æ—Ç–¥–µ–ª;–£–ú–£;
;6513;48;50,3;–∞—É–¥–∏—Ç–æ—Ä–∏—è;–û–±—â–µ–ø–æ—Ç–æ—á–Ω–∞—è —É—á–µ–±–Ω–∞—è –∞—É–¥–∏—Ç–æ—Ä–∏—è;–£—á–µ–±–Ω—ã–π –æ—Ç–¥–µ–ª;–£–ú–£;
;6514;;17,7;–ø—Ä–µ–ø–∞—Ä–∞—Ç–æ—Ä—Å–∫–∞—è;–ü–æ–º–µ—â–µ–Ω–∏–µ –ø–µ—Ä–≤–∏—á–Ω–æ–π –æ—Ä–≥–∞–Ω–∏–∑–∞—Ü–∏–∏ –†–°–ú –ù–ì–¢–£;–†–°–ú –ù–ì–¢–£;–û—Ç–¥–µ–ª –ø–æ –≤–æ—Å–ø–∏—Ç–∞—Ç–µ–ª—å–Ω–æ–π —Ä–∞–±–æ—Ç–µ;
;6515;40;50;–∞—É–¥–∏—Ç–æ—Ä–∏—è;–û–±—â–µ–ø–æ—Ç–æ—á–Ω–∞—è —É—á–µ–±–Ω–∞—è –∞—É–¥–∏—Ç–æ—Ä–∏—è;–£—á–µ–±–Ω—ã–π –æ—Ç–¥–µ–ª;–£–ú–£;
;6516;40;56,3;–∞—É–¥–∏—Ç–æ—Ä–∏—è;–û–±—â–µ–ø–æ—Ç–æ—á–Ω–∞—è —É—á–µ–±–Ω–∞—è –∞—É–¥–∏—Ç–æ—Ä–∏—è;–£—á–µ–±–Ω—ã–π –æ—Ç–¥–µ–ª;–£–ú–£;
;6517;58;50,9;–∞—É–¥–∏—Ç–æ—Ä–∏—è;–û–±—â–µ–ø–æ—Ç–æ—á–Ω–∞—è —É—á–µ–±–Ω–∞—è –∞—É–¥–∏—Ç–æ—Ä–∏—è;–£—á–µ–±–Ω—ã–π –æ—Ç–¥–µ–ª;–£–ú–£;
;6518;;17,8;–ö–∞–±–∏–Ω–µ—Ç;–ö–∞–±–∏–Ω–µ—Ç –º–∞—Å—Ç–µ—Ä–∞ —É—á–∞—Å—Ç–∫–∞ –†–°–û;–†–°–û;–£–ø—Ä–∞–≤–ª–µ–Ω–∏–µ —ç–∫—Å–ø–ª—É–∞—Ç–∞—Ü–∏–∏ –∏ —Ä–∞–∑–≤–∏—Ç–∏—è;
;6519;26;37,7;–∞—É–¥–∏—Ç–æ—Ä–∏—è;–û–±—â–µ–ø–æ—Ç–æ—á–Ω–∞—è —É—á–µ–±–Ω–∞—è –∞—É–¥–∏—Ç–æ—Ä–∏—è;–£—á–µ–±–Ω—ã–π –æ—Ç–¥–µ–ª;–£–ú–£;
;6520;72;109,7;–∞—É–¥–∏—Ç–æ—Ä–∏—è;–û–±—â–µ–ø–æ—Ç–æ—á–Ω–∞—è —É—á–µ–±–Ω–∞—è –∞—É–¥–∏—Ç–æ—Ä–∏—è;–£—á–µ–±–Ω—ã–π –æ—Ç–¥–µ–ª;–£–ú–£;
;6521;48;50;–∞—É–¥–∏—Ç–æ—Ä–∏—è;–û–±—â–µ–ø–æ—Ç–æ—á–Ω–∞—è —É—á–µ–±–Ω–∞—è –∞—É–¥–∏—Ç–æ—Ä–∏—è;–£—á–µ–±–Ω—ã–π –æ—Ç–¥–µ–ª;–£–ú–£;
;6522;;;;;;;
;6523;16;16;–∞—É–¥–∏—Ç–æ—Ä–∏—è;–û–±—â–µ–ø–æ—Ç–æ—á–Ω–∞—è —É—á–µ–±–Ω–∞—è –∞—É–¥–∏—Ç–æ—Ä–∏—è;–£—á–µ–±–Ω—ã–π –æ—Ç–¥–µ–ª;–£–ú–£;
;6524;;;;;;;
;6525;44;49,8;–∞—É–¥–∏—Ç–æ—Ä–∏—è;–û–±—â–µ–ø–æ—Ç–æ—á–Ω–∞—è —É—á–µ–±–Ω–∞—è –∞—É–¥–∏—Ç–æ—Ä–∏—è;–£—á–µ–±–Ω—ã–π –æ—Ç–¥–µ–ª;–£–ú–£;
;6526;;;;;;;
;6527;42;49,8;–∞—É–¥–∏—Ç–æ—Ä–∏—è;–û–±—â–µ–ø–æ—Ç–æ—á–Ω–∞—è —É—á–µ–±–Ω–∞—è –∞—É–¥–∏—Ç–æ—Ä–∏—è;–£—á–µ–±–Ω—ã–π –æ—Ç–¥–µ–ª;–£–ú–£;
;6528;;;;;;;
;6529;48;72,9;–∞—É–¥–∏—Ç–æ—Ä–∏—è;–û–±—â–µ–ø–æ—Ç–æ—á–Ω–∞—è —É—á–µ–±–Ω–∞—è –∞—É–¥–∏—Ç–æ—Ä–∏—è;–£—á–µ–±–Ω—ã–π –æ—Ç–¥–µ–ª;–£–ú–£;
;6530;;;;;;;
;6531;42;49,6;–∞—É–¥–∏—Ç–æ—Ä–∏—è;–û–±—â–µ–ø–æ—Ç–æ—á–Ω–∞—è —É—á–µ–±–Ω–∞—è –∞—É–¥–∏—Ç–æ—Ä–∏—è;–£—á–µ–±–Ω—ã–π –æ—Ç–¥–µ–ª;–£–ú–£;
;6532;68;69,5;–∞—É–¥–∏—Ç–æ—Ä–∏—è;–û–±—â–µ–ø–æ—Ç–æ—á–Ω–∞—è —É—á–µ–±–Ω–∞—è –∞—É–¥–∏—Ç–æ—Ä–∏—è;–£—á–µ–±–Ω—ã–π –æ—Ç–¥–µ–ª;–£–ú–£;
;6533;30;49,7;–∞—É–¥–∏—Ç–æ—Ä–∏—è;–ê—É–¥–∏—Ç–æ—Ä–∏—è –∫—É—Ä—Å–æ–≤ –ü–¢–û (–∞–≤—Ç–æ—à–∫–æ–ª–∞ ¬´–ü–æ–ª–∏—Ç–µ—Ö¬ª);–ö—É—Ä—Å—ã –ü–¢–û (–∞–≤—Ç–æ—à–∫–æ–ª–∞ ¬´–ü–æ–ª–∏—Ç–µ—Ö¬ª);–ò–¢–°;
;6534;;;;;;;
;6535;;16;–∫–∞–±–∏–Ω–µ—Ç;–ö–∞–±–∏–Ω–µ—Ç –∫—É—Ä—Å–æ–≤ –ü–¢–û (–∞–≤—Ç–æ—à–∫–æ–ª–∞ ¬´–ü–æ–ª–∏—Ç–µ—Ö¬ª);–ö—É—Ä—Å—ã –ü–¢–û (–∞–≤—Ç–æ—à–∫–æ–ª–∞ ¬´–ü–æ–ª–∏—Ç–µ—Ö¬ª);–ò–¢–°;
;6536;;;;;;;
;6537;;56,6;–ª–∞–±–æ—Ä–∞—Ç–æ—Ä–∏—è;–°–ø–µ—Ü. –∞—É–¥–∏—Ç–æ—Ä–∏—è –∫—É—Ä—Å–æ–≤ –ü–¢–û (–∞–≤—Ç–æ—à–∫–æ–ª–∞ ¬´–ü–æ–ª–∏—Ç–µ—Ö¬ª);–ö—É—Ä—Å—ã –ü–¢–û (–∞–≤—Ç–æ—à–∫–æ–ª–∞ ¬´–ü–æ–ª–∏—Ç–µ—Ö¬ª);–ò–¢–°;
;6538;;;;;;;
;6539;;;;;;;
;6540;;;;;;;
;6541;44;73,9;–∞—É–¥–∏—Ç–æ—Ä–∏—è;–û–±—â–µ–ø–æ—Ç–æ—á–Ω–∞—è —É—á–µ–±–Ω–∞—è –∞—É–¥–∏—Ç–æ—Ä–∏—è;;;
;6542;;19,3;–ö–∞–±–∏–Ω–µ—Ç;–ö–∞–±–∏–Ω–µ—Ç —Å–æ—Ç—Ä—É–¥–Ω–∏–∫–æ–≤ —É–ø—Ä–∞–≤–ª–µ–Ω–∏—è –∏–Ω—Ñ–æ—Ä–º–∞—Ç–∏–∑–∞—Ü–∏–∏;;–£–ø—Ä–∞–≤–ª–µ–Ω–∏–µ –∏–Ω—Ñ–æ—Ä–º–∞—Ç–∏–∑–∞—Ü–∏–∏;
;6543;;33;–∫–ª–∞—Å—Å;–ö–æ–º–ø—å—é—Ç–µ—Ä–Ω—ã–π –∫–ª–∞—Å—Å;–¶–µ–Ω—Ç—Ä –¥–∏—Å—Ç–∞–Ω—Ü–∏–æ–Ω–Ω—ã—Ö –æ–±—Ä–∞–∑–æ–≤–∞—Ç–µ–ª—å–Ω—ã—Ö —Ç–µ—Ö–Ω–æ–ª–æ–≥–∏–π;–¶–î–û–¢;
;6544;;18,1;–ª–∞–±–æ—Ä–∞–Ω—Ç—Å–∫–∞—è;–õ–∞–±–æ—Ä–∞–Ω—Ç—Å–∫–∞—è;–¶–µ–Ω—Ç—Ä –¥–∏—Å—Ç–∞–Ω—Ü–∏–æ–Ω–Ω—ã—Ö –æ–±—Ä–∞–∑–æ–≤–∞—Ç–µ–ª—å–Ω—ã—Ö —Ç–µ—Ö–Ω–æ–ª–æ–≥–∏–π;–¶–î–û–¢;
;6545;;49,7;–∫–ª–∞—Å—Å;–ö–æ–º–ø—å—é—Ç–µ—Ä–Ω—ã–π –∫–ª–∞—Å—Å;–¶–µ–Ω—Ç—Ä –¥–∏—Å—Ç–∞–Ω—Ü–∏–æ–Ω–Ω—ã—Ö –æ–±—Ä–∞–∑–æ–≤–∞—Ç–µ–ª—å–Ω—ã—Ö —Ç–µ—Ö–Ω–æ–ª–æ–≥–∏–π;–¶–î–û–¢;
;6546;;55,9;–∞—É–¥–∏—Ç–æ—Ä–∏—è;–£—á–µ–±–Ω–∞—è –∞—É–¥–∏—Ç–æ—Ä–∏—è;–¶–µ–Ω—Ç—Ä –¥–∏—Å—Ç–∞–Ω—Ü–∏–æ–Ω–Ω—ã—Ö –æ–±—Ä–∞–∑–æ–≤–∞—Ç–µ–ª—å–Ω—ã—Ö —Ç–µ—Ö–Ω–æ–ª–æ–≥–∏–π;–¶–î–û–¢;
;6547;;18,9;–∫–ª–∞—Å—Å;–ö–æ–º–ø—å—é—Ç–µ—Ä–Ω—ã–π –∫–ª–∞—Å—Å;–¶–µ–Ω—Ç—Ä –¥–∏—Å—Ç–∞–Ω—Ü–∏–æ–Ω–Ω—ã—Ö –æ–±—Ä–∞–∑–æ–≤–∞—Ç–µ–ª—å–Ω—ã—Ö —Ç–µ—Ö–Ω–æ–ª–æ–≥–∏–π;–¶–î–û–¢;
;6548;;17,6;–∫–æ–º–Ω–∞—Ç–∞;–ü–æ–¥—Å–æ–±–Ω–æ–µ –ø–æ–º–µ—â–µ–Ω–∏–µ;–¶–µ–Ω—Ç—Ä –¥–∏—Å—Ç–∞–Ω—Ü–∏–æ–Ω–Ω—ã—Ö –æ–±—Ä–∞–∑–æ–≤–∞—Ç–µ–ª—å–Ω—ã—Ö —Ç–µ—Ö–Ω–æ–ª–æ–≥–∏–π;–¶–î–û–¢;
;6549;;58;–∞—É–¥–∏—Ç–æ—Ä–∏—è;–£—á–µ–±–Ω–∞—è –∞—É–¥–∏—Ç–æ—Ä–∏—è;–¶–µ–Ω—Ç—Ä –¥–∏—Å—Ç–∞–Ω—Ü–∏–æ–Ω–Ω—ã—Ö –æ–±—Ä–∞–∑–æ–≤–∞—Ç–µ–ª—å–Ω—ã—Ö —Ç–µ—Ö–Ω–æ–ª–æ–≥–∏–π;–¶–î–û–¢;
;6550;64;99,6;–∞—É–¥–∏—Ç–æ—Ä–∏—è;–û–±—â–µ–ø–æ—Ç–æ—á–Ω–∞—è —É—á–µ–±–Ω–∞—è –∞—É–¥–∏—Ç–æ—Ä–∏—è;–£—á–µ–±–Ω—ã–π –æ—Ç–¥–µ–ª;–£–ú–£;
;6551;;22,5;–ö–∞–±–∏–Ω–µ—Ç;–ö–∞–±–∏–Ω–µ—Ç –∑–∞–≤.–∫–∞—Ñ–µ–¥—Ä—ã –ò–ì;–ò–ì;–ò–¢–°;
;6552;;19,3;–ö–ª–∞–¥–æ–≤–∞—è;–ö–æ–º–º—É–Ω–∏–∫–∞—Ü–∏–æ–Ω–Ω–æ–µ –æ–±–æ—Ä—É–¥–æ–≤–∞–Ω–∏–µ –ò–í–¶;–ò–í–¶ –ù–ì–¢–£;–£–ø—Ä–∞–≤–ª–µ–Ω–∏–µ –∏–Ω—Ñ–æ—Ä–º–∞—Ç–∏–∑–∞—Ü–∏–∏;
;6553;48;64,3;–∞—É–¥–∏—Ç–æ—Ä–∏—è;–û–±—â–µ–ø–æ—Ç–æ—á–Ω–∞—è —É—á–µ–±–Ω–∞—è –∞—É–¥–∏—Ç–æ—Ä–∏—è;–£—á–µ–±–Ω—ã–π –æ—Ç–¥–µ–ª;–£–ú–£;
;6554;21;64,6;–ö–ª–∞—Å—Å;–°–ø–µ—Ü–∏–∞–ª–∏–∑–∏—Ä–æ–≤–∞–Ω–Ω–∞—è –∞—É–¥–∏—Ç–æ—Ä–∏—è –ò–ì;;;
;6555;48;64,1;–ê—É–¥–∏—Ç–æ—Ä–∏—è;–û–±—â–µ–ø–æ—Ç–æ—á–Ω–∞—è —É—á–µ–±–Ω–∞—è –∞—É–¥–∏—Ç–æ—Ä–∏—è;–£—á–µ–±–Ω—ã–π –æ—Ç–¥–µ–ª;–£–ú–£;
;6556;48;64,4;–ê—É–¥–∏—Ç–æ—Ä–∏—è;–û–±—â–µ–ø–æ—Ç–æ—á–Ω–∞—è —É—á–µ–±–Ω–∞—è –∞—É–¥–∏—Ç–æ—Ä–∏—è;–£—á–µ–±–Ω—ã–π –æ—Ç–¥–µ–ª;–£–ú–£;
;6557;23;64,8;–ö–ª–∞—Å—Å;–°–ø–µ—Ü–∏–∞–ª–∏–∑–∏—Ä–æ–≤–∞–Ω–Ω–∞—è –∞—É–¥–∏—Ç–æ—Ä–∏—è –ò–ì;–ò–ì;–ò–¢–°;
;6558;;48,3;–ö–ª–∞—Å—Å;–õ–∞–±–æ—Ä–∞—Ç–æ—Ä–∏—è –ò–ì;–ò–ì;–ò–¢–°;
;6559;;100,2;–ö–ª–∞—Å—Å;–ü–æ–º–µ—â–µ–Ω–∏–µ –∫–∞—Ñ–µ–¥—Ä—ã –ò–ì;–ò–ì;–ò–¢–°;
;6560;;64,2;–£—á–µ–±–Ω—ã–π –∫–ª–∞—Å—Å;–£—á–µ–±–Ω–∞—è –∞—É–¥–∏—Ç–æ—Ä–∏—è (—Ä–µ–∑–µ—Ä–≤);;;
;6561;;93,4;–ê—É–¥–∏—Ç–æ—Ä–∏—è;–£—á–µ–±–Ω–∞—è –∞—É–¥–∏—Ç–æ—Ä–∏—è (—Ä–µ–∑–µ—Ä–≤);;;
;6562;;21,7;–£—á–µ–±–Ω–æ-–º–µ—Ç–æ–¥–∏—á–µ—Å–∫–∏–π –∫–∞–±–∏–Ω–µ—Ç;–£—á–µ–±–Ω–∞—è –∞—É–¥–∏—Ç–æ—Ä–∏—è (—Ä–µ–∑–µ—Ä–≤);;;
;6563;;31,7;–ü—Ä–µ–ø–æ–¥–∞–≤–∞—Ç–µ–ª—å—Å–∫–∞—è;–£—á–µ–±–Ω–∞—è –∞—É–¥–∏—Ç–æ—Ä–∏—è (—Ä–µ–∑–µ—Ä–≤);;;
;6564;;87,9;–ê—É–¥–∏—Ç–æ—Ä–∏—è;–£—á–µ–±–Ω–∞—è –∞—É–¥–∏—Ç–æ—Ä–∏—è (—Ä–µ–∑–µ—Ä–≤);;;
;6565;;92,1;–ê—É–¥–∏—Ç–æ—Ä–∏—è;–£—á–µ–±–Ω–∞—è –∞—É–¥–∏—Ç–æ—Ä–∏—è (—Ä–µ–∑–µ—Ä–≤);;;
;6566;;45,8;–£—á–µ–±–Ω—ã–π –∫–ª–∞—Å—Å;–£—á–µ–±–Ω–∞—è –∞—É–¥–∏—Ç–æ—Ä–∏—è (—Ä–µ–∑–µ—Ä–≤);;;
;6567;;43,7;–£—á–µ–±–Ω—ã–π –∫–ª–∞—Å—Å;–£—á–µ–±–Ω–∞—è –∞—É–¥–∏—Ç–æ—Ä–∏—è (—Ä–µ–∑–µ—Ä–≤);;;
;6568;;54,6;–ü–æ–º–µ—â–µ–Ω–∏–µ —Ç–µ—Ö–Ω–∏—á–µ—Å–∫–∏—Ö —Å—Ä–µ–¥—Å—Ç–≤;–£—á–µ–±–Ω–∞—è –∞—É–¥–∏—Ç–æ—Ä–∏—è;;;
;6569;;46,6;–£—á–µ–±–Ω—ã–π –∫–ª–∞—Å—Å;–£—á–µ–±–Ω–∞—è –∞—É–¥–∏—Ç–æ—Ä–∏—è (—Ä–µ–∑–µ—Ä–≤);;;
